tx_hash,from_address,to_address,block_number,timestamp,date_utc,function,token_id_decimal,is_error,old_owner_staker,new_owner_attacker
0x02df4c627424a7e663558b9cf6cc59d1e475c16bedfdeee2a4e0d92ce61220b2,0x7550c40e188b3da9349c9d7b941a699c2f62e0e3,0xc14D994fe7C5858c93936cc3bD42bb9467d6fB2C,25077200,1778566799,2026-05-12T06:19:59Z,bridgeNFTsV1,1594,0,0x28aee851e7b65a46b71de302cffeeb2c557847c6,0x7550c40e188b3da9349c9d7b941a699c2f62e0e3
0x94bb65b3e46559548d734dab0a489579ff3620bbd6a2d3035f5323358e522cf8,0x7550c40e188b3da9349c9d7b941a699c2f62e0e3,0xc14D994fe7C5858c93936cc3bD42bb9467d6fB2C,25077201,1778566811,2026-05-12T06:20:11Z,bridgeNFTsV1,1595,0,0x28aee851e7b65a46b71de302cffeeb2c557847c6,0x7550c40e188b3da9349c9d7b941a699c2f62e0e3
0x6ea77c12d80a1ef0f754ae55c479bece520db81fb3ee7ec37719c3260a33dd15,0x7550c40e188b3da9349c9d7b941a699c2f62e0e3,0xc14D994fe7C5858c93936cc3bD42bb9467d6fB2C,25077202,1778566823,2026-05-12T06:20:23Z,bridgeNFTsV1,1596,0,0x28aee851e7b65a46b71de302cffeeb2c557847c6,0x7550c40e188b3da9349c9d7b941a699c2f62e0e3
0xa1f9b9b3591d00f964ac94f996650ce812b36df1642e55be73e60fe646174fde,0x7550c40e188b3da9349c9d7b941a699c2f62e0e3,0xc14D994fe7C5858c93936cc3bD42bb9467d6fB2C,25077203,1778566835,2026-05-12T06:20:35Z,bridgeNFTsV1,1597,0,0x28aee851e7b65a46b71de302cffeeb2c557847c6,0x7550c40e188b3da9349c9d7b941a699c2f62e0e3
0x827b87700838e64d6e1cf9ff142476dd2ec479d366b9bb831d0f5ac9b606de8c,0x7550c40e188b3da9349c9d7b941a699c2f62e0e3,0xc14D994fe7C5858c93936cc3bD42bb9467d6fB2C,25077204,1778566847,2026-05-12T06:20:47Z,bridgeNFTsV1,1601,0,0xc923dd451dfb1fc6a4608982c6c077414da06a4d,0x7550c40e188b3da9349c9d7b941a699c2f62e0e3
0x26517f0cf6e95ec7f2883c3497622b5db91867584db9b0f63fdac0ef22242432,0x7550c40e188b3da9349c9d7b941a699c2f62e0e3,0xc14D994fe7C5858c93936cc3bD42bb9467d6fB2C,25077205,1778566859,2026-05-12T06:20:59Z,bridgeNFTsV1,1602,0,0xc923dd451dfb1fc6a4608982c6c077414da06a4d,0x7550c40e188b3da9349c9d7b941a699c2f62e0e3
0xd2f81fbaeed3235f85249914d87f9ddabf2a3f840cbe3003d5b42f25108bd522,0x7550c40e188b3da9349c9d7b941a699c2f62e0e3,0xc14D994fe7C5858c93936cc3bD42bb9467d6fB2C,25077206,1778566871,2026-05-12T06:21:11Z,bridgeNFTsV1,1603,0,0xc923dd451dfb1fc6a4608982c6c077414da06a4d,0x7550c40e188b3da9349c9d7b941a699c2f62e0e3
0xee7a907058bf3e1a2b3e0f5e9606fc938c615df8c8decfdc084da5a7c72b19f9,0x7550c40e188b3da9349c9d7b941a699c2f62e0e3,0xc14D994fe7C5858c93936cc3bD42bb9467d6fB2C,25077207,1778566883,2026-05-12T06:21:23Z,bridgeNFTsV1,1604,0,0x81168c14e5a89f60b30e9a7f82a229406a64369d,0x7550c40e188b3da9349c9d7b941a699c2f62e0e3
0xe603fc105635ccbf010b3293c5c58cf04dcf15ad478b7d2087e6bcd41d2877d9,0x7550c40e188b3da9349c9d7b941a699c2f62e0e3,0xc14D994fe7C5858c93936cc3bD42bb9467d6fB2C,25077208,1778566895,2026-05-12T06:21:35Z,bridgeNFTsV1,1605,0,0x81168c14e5a89f60b30e9a7f82a229406a64369d,0x7550c40e188b3da9349c9d7b941a699c2f62e0e3
0x5f82a08d3b3127d9d597fc0678445311a02294a9e07b4575e6647165bcbe3975,0x7550c40e188b3da9349c9d7b941a699c2f62e0e3,0xc14D994fe7C5858c93936cc3bD42bb9467d6fB2C,25077209,1778566907,2026-05-12T06:21:47Z,bridgeNFTsV1,1607,0,0x35e14b0722dc1a81893ff8f7f99f931aca5b2d25,0x7550c40e188b3da9349c9d7b941a699c2f62e0e3
0xb80a075c9cf49168c2e3b82eeb8e8bb64ef5a963760872269cab4db56017ee1c,0x7550c40e188b3da9349c9d7b941a699c2f62e0e3,0xc14D994fe7C5858c93936cc3bD42bb9467d6fB2C,25077210,1778566919,2026-05-12T06:21:59Z,bridgeNFTsV1,1608,0,0x35e14b0722dc1a81893ff8f7f99f931aca5b2d25,0x7550c40e188b3da9349c9d7b941a699c2f62e0e3
0xa9daabb31dde67d756445841402ecdfd60165ac3659beed709aa8e62ea82265e,0x7550c40e188b3da9349c9d7b941a699c2f62e0e3,0xc14D994fe7C5858c93936cc3bD42bb9467d6fB2C,25077211,1778566931,2026-05-12T06:22:11Z,bridgeNFTsV1,1609,0,0x35e14b0722dc1a81893ff8f7f99f931aca5b2d25,0x7550c40e188b3da9349c9d7b941a699c2f62e0e3
0x6f905ea7357bb537b70e0b0ea3d53954671a177e283a318fbae38878af43e502,0x7550c40e188b3da9349c9d7b941a699c2f62e0e3,0xc14D994fe7C5858c93936cc3bD42bb9467d6fB2C,25077212,1778566943,2026-05-12T06:22:23Z,bridgeNFTsV1,1610,0,0x35e14b0722dc1a81893ff8f7f99f931aca5b2d25,0x7550c40e188b3da9349c9d7b941a699c2f62e0e3
0x3b9de623cc4913592a277796a5cc7e899ff3bdd74442a86b8c464bbbdb84bd90,0x7550c40e188b3da9349c9d7b941a699c2f62e0e3,0xc14D994fe7C5858c93936cc3bD42bb9467d6fB2C,25077213,1778566955,2026-05-12T06:22:35Z,bridgeNFTsV1,1613,0,0xdf4dd7f972926d7d82b8a3bb3feb5254c368045c,0x7550c40e188b3da9349c9d7b941a699c2f62e0e3
0x89f043a8bb430950735b099edd252363cf22e3a15f2d5bde31a01c64746b158e,0x7550c40e188b3da9349c9d7b941a699c2f62e0e3,0xc14D994fe7C5858c93936cc3bD42bb9467d6fB2C,25077218,1778567015,2026-05-12T06:23:35Z,bridgeNFTsV1,906,0,0x50f27cdb650879a41fb07038bf2b818845c20e17,0x7550c40e188b3da9349c9d7b941a699c2f62e0e3
0x50bfca6d36d0ea0ea4c90c939aea8590f20e6b9d901e1de92833eac453b940ad,0x7550c40e188b3da9349c9d7b941a699c2f62e0e3,0xc14D994fe7C5858c93936cc3bD42bb9467d6fB2C,25077219,1778567027,2026-05-12T06:23:47Z,bridgeNFTsV1,916,0,0xa7d7ac8fe7e8693b5599c69cc7d4f6226677845b,0x7550c40e188b3da9349c9d7b941a699c2f62e0e3
0x9f9276bb6297465dc4088db1c186bcd15cf76124a257fa8795db4ae8a665c0a0,0x7550c40e188b3da9349c9d7b941a699c2f62e0e3,0xc14D994fe7C5858c93936cc3bD42bb9467d6fB2C,25077220,1778567039,2026-05-12T06:23:59Z,bridgeNFTsV1,917,0,0x0fe5e887dae7a24836a192622fb84ce7b97ac306,0x7550c40e188b3da9349c9d7b941a699c2f62e0e3
0x1aa38dbe5c796b86051b51b39562d22cf86b5a24cfad2e40fa75cf306729d2e9,0x7550c40e188b3da9349c9d7b941a699c2f62e0e3,0xc14D994fe7C5858c93936cc3bD42bb9467d6fB2C,25077220,1778567039,2026-05-12T06:23:59Z,bridgeNFTsV1,918,0,0x2b564248d8f4fd425f3d01a1c36817deaac159be,0x7550c40e188b3da9349c9d7b941a699c2f62e0e3
0x8dbcaef24b2f809c0286325ad8e6aae6ffecb4d934e1c3d6aad63931510a598b,0x7550c40e188b3da9349c9d7b941a699c2f62e0e3,0xc14D994fe7C5858c93936cc3bD42bb9467d6fB2C,25077221,1778567051,2026-05-12T06:24:11Z,bridgeNFTsV1,929,0,0xcaa16004955f05599c7cf215aa271a4f3544d6d2,0x7550c40e188b3da9349c9d7b941a699c2f62e0e3
0x0b19d5b2e3a6b2c5dff83385f7081bcc68e4aef5a9497e78e7c63935d7c24ca2,0x7550c40e188b3da9349c9d7b941a699c2f62e0e3,0xc14D994fe7C5858c93936cc3bD42bb9467d6fB2C,25077221,1778567051,2026-05-12T06:24:11Z,bridgeNFTsV1,932,0,0xe5e58cf23a648dc2ba89355d76e04dc2869be98d,0x7550c40e188b3da9349c9d7b941a699c2f62e0e3
0xd1b7c1a0d973ba41f6b58157334646fe0434e71e1ebcf77e50ccc5f135f84c2b,0x7550c40e188b3da9349c9d7b941a699c2f62e0e3,0xc14D994fe7C5858c93936cc3bD42bb9467d6fB2C,25077221,1778567051,2026-05-12T06:24:11Z,bridgeNFTsV1,935,0,0xd7855ba8a53951b064da7de0d07dae0eed248547,0x7550c40e188b3da9349c9d7b941a699c2f62e0e3
0x9f4845ba1d8cff4707190601f5ba323b8795d9c8c4451176a16ad456d6140fd6,0x7550c40e188b3da9349c9d7b941a699c2f62e0e3,0xc14D994fe7C5858c93936cc3bD42bb9467d6fB2C,25077221,1778567051,2026-05-12T06:24:11Z,bridgeNFTsV1,939,0,0xad4489f64a8be791294116d3e99d2721c7f0a72a,0x7550c40e188b3da9349c9d7b941a699c2f62e0e3
0xc177fea068d3bb26d6108157f57a99ca1b577f4e66cb53b3807c3d14739b86df,0x7550c40e188b3da9349c9d7b941a699c2f62e0e3,0xc14D994fe7C5858c93936cc3bD42bb9467d6fB2C,25077221,1778567051,2026-05-12T06:24:11Z,bridgeNFTsV1,979,0,0xf2855ef7c734ec1f965915daafe668450e4b8212,0x7550c40e188b3da9349c9d7b941a699c2f62e0e3
0x7e64e395931f987562b357a619e7cace15fa23919d60ae4357097fb7ff370e02,0x7550c40e188b3da9349c9d7b941a699c2f62e0e3,0xc14D994fe7C5858c93936cc3bD42bb9467d6fB2C,25077221,1778567051,2026-05-12T06:24:11Z,bridgeNFTsV1,1616,0,0x13c03641c376bbd2113e7fdd02e92d0bbef72511,0x7550c40e188b3da9349c9d7b941a699c2f62e0e3
0x3bbabe57dd7acab7f9a76f1de1308d7c1fdc78c23d08537347b2768b48d3d0cc,0x7550c40e188b3da9349c9d7b941a699c2f62e0e3,0xc14D994fe7C5858c93936cc3bD42bb9467d6fB2C,25077221,1778567051,2026-05-12T06:24:11Z,bridgeNFTsV1,1617,0,0x13c03641c376bbd2113e7fdd02e92d0bbef72511,0x7550c40e188b3da9349c9d7b941a699c2f62e0e3
0x60d9101cf710f3686ac4ea8e53fb3476cf08cc7e9498b2345085288ddc5f4599,0x7550c40e188b3da9349c9d7b941a699c2f62e0e3,0xc14D994fe7C5858c93936cc3bD42bb9467d6fB2C,25077221,1778567051,2026-05-12T06:24:11Z,bridgeNFTsV1,1619,0,0xaa0905af0276de5ded9d425a8d4013b861c661a1,0x7550c40e188b3da9349c9d7b941a699c2f62e0e3
0x74e79829c2e20d786cdaa486e0dd6b226ca9d819c07ebafcecf59a6f6d2db41b,0x7550c40e188b3da9349c9d7b941a699c2f62e0e3,0xc14D994fe7C5858c93936cc3bD42bb9467d6fB2C,25077221,1778567051,2026-05-12T06:24:11Z,bridgeNFTsV1,1620,0,0x4ad7fe5bf17d62ee3de0d4dd9496a7cd53c98225,0x7550c40e188b3da9349c9d7b941a699c2f62e0e3
0x40d9dcd5fe9c612b28d2a309d4348dc3e99e1659365bccfcacd3885262f3d0a8,0x7550c40e188b3da9349c9d7b941a699c2f62e0e3,0xc14D994fe7C5858c93936cc3bD42bb9467d6fB2C,25077221,1778567051,2026-05-12T06:24:11Z,bridgeNFTsV1,1621,0,0x33b4c240c7a3af3e5365ebb2cda44bad82e4878e,0x7550c40e188b3da9349c9d7b941a699c2f62e0e3
0x1f0fd2690522bef60aee5675be591e4f0d39288ff9798a2eee4cf9ad4cde7de2,0x7550c40e188b3da9349c9d7b941a699c2f62e0e3,0xc14D994fe7C5858c93936cc3bD42bb9467d6fB2C,25077221,1778567051,2026-05-12T06:24:11Z,bridgeNFTsV1,1624,0,0xcf9bb70b2f1accb846e8b0c665a1ab5d5d35ca05,0x7550c40e188b3da9349c9d7b941a699c2f62e0e3
0xf1a3cbd0dd56f079c5ff7d7d3c3df7609d999bee348c8548e14fdea386a75ea0,0x7550c40e188b3da9349c9d7b941a699c2f62e0e3,0xc14D994fe7C5858c93936cc3bD42bb9467d6fB2C,25077221,1778567051,2026-05-12T06:24:11Z,bridgeNFTsV1,1626,0,0xb6605f98a5562b1ac821bc5f2b75934239e8c6d6,0x7550c40e188b3da9349c9d7b941a699c2f62e0e3
0x7c740cc637a68d714a2dc4f7bfcc3ac3b2c2f58d43f520e0216e36965ff64b2a,0x7550c40e188b3da9349c9d7b941a699c2f62e0e3,0xc14D994fe7C5858c93936cc3bD42bb9467d6fB2C,25077221,1778567051,2026-05-12T06:24:11Z,bridgeNFTsV1,1627,0,0xb6605f98a5562b1ac821bc5f2b75934239e8c6d6,0x7550c40e188b3da9349c9d7b941a699c2f62e0e3
0x51d5dab7d16c48662d27734b07112787e62bcc1983c59b39bf35227ee35fac75,0x7550c40e188b3da9349c9d7b941a699c2f62e0e3,0xc14D994fe7C5858c93936cc3bD42bb9467d6fB2C,25077221,1778567051,2026-05-12T06:24:11Z,bridgeNFTsV1,1628,0,0xb6605f98a5562b1ac821bc5f2b75934239e8c6d6,0x7550c40e188b3da9349c9d7b941a699c2f62e0e3
0x11f147fb9a87a2d49f62f3f7fb21e54abc849c0668242f315ab2d290aaeecee1,0x7550c40e188b3da9349c9d7b941a699c2f62e0e3,0xc14D994fe7C5858c93936cc3bD42bb9467d6fB2C,25077221,1778567051,2026-05-12T06:24:11Z,bridgeNFTsV1,1629,0,0xb6605f98a5562b1ac821bc5f2b75934239e8c6d6,0x7550c40e188b3da9349c9d7b941a699c2f62e0e3
0x0829f8ffa285008b1f9927fe2e035922e60dee1045d57edfd3bc1155f3747a38,0x7550c40e188b3da9349c9d7b941a699c2f62e0e3,0xc14D994fe7C5858c93936cc3bD42bb9467d6fB2C,25077221,1778567051,2026-05-12T06:24:11Z,bridgeNFTsV1,1641,0,0x8659e3b0bd269b6e5b712acfb70caf579b25591b,0x7550c40e188b3da9349c9d7b941a699c2f62e0e3
0xd4c5fd3617fd5330a13be7814171573f1d52d1b83d784d6e8fba99e59d7cb378,0x7550c40e188b3da9349c9d7b941a699c2f62e0e3,0xc14D994fe7C5858c93936cc3bD42bb9467d6fB2C,25077221,1778567051,2026-05-12T06:24:11Z,bridgeNFTsV1,1654,0,0xaaac34d30d6938787c653aafb922bc20bfa9c512,0x7550c40e188b3da9349c9d7b941a699c2f62e0e3
0xd1cd9217d0abd1945d94895a439f65056a93da01b592f60c5beee8cec489ea39,0x7550c40e188b3da9349c9d7b941a699c2f62e0e3,0xc14D994fe7C5858c93936cc3bD42bb9467d6fB2C,25077221,1778567051,2026-05-12T06:24:11Z,bridgeNFTsV1,1656,0,0x61e193e514de408f57a648a641d9fcd412cded82,0x7550c40e188b3da9349c9d7b941a699c2f62e0e3
0xd7fb5b42c22803d7e1ddda6d7fdd1d557ff21a4650952f44f40080041499de51,0x7550c40e188b3da9349c9d7b941a699c2f62e0e3,0xc14D994fe7C5858c93936cc3bD42bb9467d6fB2C,25077221,1778567051,2026-05-12T06:24:11Z,bridgeNFTsV1,1657,0,0x61e193e514de408f57a648a641d9fcd412cded82,0x7550c40e188b3da9349c9d7b941a699c2f62e0e3
0xb00a0197324c63c3c11a5e4eea000616cd2fe20ecc7c132b5dfe8dd592d5822e,0x7550c40e188b3da9349c9d7b941a699c2f62e0e3,0xc14D994fe7C5858c93936cc3bD42bb9467d6fB2C,25077221,1778567051,2026-05-12T06:24:11Z,bridgeNFTsV1,1658,0,0x97944e369a1af4040816f157134edca8e9f82ecd,0x7550c40e188b3da9349c9d7b941a699c2f62e0e3
0xf064f9e6f4c860f0fbded5b2f9b2f8687cb054f9ab9899ced23adf8075c3a087,0x7550c40e188b3da9349c9d7b941a699c2f62e0e3,0xc14D994fe7C5858c93936cc3bD42bb9467d6fB2C,25077221,1778567051,2026-05-12T06:24:11Z,bridgeNFTsV1,1665,0,0xef8104c1f471c1995cb6f7276716e8b38dc1b9a7,0x7550c40e188b3da9349c9d7b941a699c2f62e0e3
0x6fdf12d9ee62a7cc6bd4a3575608826ac89d495c48733f1cf34c80a07e6cb291,0x7550c40e188b3da9349c9d7b941a699c2f62e0e3,0xc14D994fe7C5858c93936cc3bD42bb9467d6fB2C,25077221,1778567051,2026-05-12T06:24:11Z,bridgeNFTsV1,1666,0,0xef8104c1f471c1995cb6f7276716e8b38dc1b9a7,0x7550c40e188b3da9349c9d7b941a699c2f62e0e3
0xfa68b79b6eb0d7e88ba0a1743750990e702cce6facd1328ed91889d6234a2094,0x7550c40e188b3da9349c9d7b941a699c2f62e0e3,0xc14D994fe7C5858c93936cc3bD42bb9467d6fB2C,25077221,1778567051,2026-05-12T06:24:11Z,bridgeNFTsV1,1667,0,0xef8104c1f471c1995cb6f7276716e8b38dc1b9a7,0x7550c40e188b3da9349c9d7b941a699c2f62e0e3
0x235c8326e790ee6092bfc0abb23453c86a2d88f7427ec5beec43c7003f492e57,0x7550c40e188b3da9349c9d7b941a699c2f62e0e3,0xc14D994fe7C5858c93936cc3bD42bb9467d6fB2C,25077221,1778567051,2026-05-12T06:24:11Z,bridgeNFTsV1,1669,0,0xb80a3488bd3f1c5a2d6fce9b095707ec62172fb5,0x7550c40e188b3da9349c9d7b941a699c2f62e0e3
0x5428314e64d1e2c5c172ea8d20ec78e933d1e86a4873a78d02344c39a81e6846,0x7550c40e188b3da9349c9d7b941a699c2f62e0e3,0xc14D994fe7C5858c93936cc3bD42bb9467d6fB2C,25077221,1778567051,2026-05-12T06:24:11Z,bridgeNFTsV1,1670,0,0x2000434e4af84b37c7b7b03b4de039dd1126599c,0x7550c40e188b3da9349c9d7b941a699c2f62e0e3
0x3157fc4826c6720ccd2c3e3a983302595ec39f2037858a7b46552a87cedc8700,0x7550c40e188b3da9349c9d7b941a699c2f62e0e3,0xc14D994fe7C5858c93936cc3bD42bb9467d6fB2C,25077221,1778567051,2026-05-12T06:24:11Z,bridgeNFTsV1,1675,0,0x36ab2c824fcc7e4ec8dc2805bda069d9d8b54c95,0x7550c40e188b3da9349c9d7b941a699c2f62e0e3
0x4c3394dd61442f164788db4e4943f990ace6b736bc918148528f357174edc81a,0x7550c40e188b3da9349c9d7b941a699c2f62e0e3,0xc14D994fe7C5858c93936cc3bD42bb9467d6fB2C,25077221,1778567051,2026-05-12T06:24:11Z,bridgeNFTsV1,1676,0,0x36ab2c824fcc7e4ec8dc2805bda069d9d8b54c95,0x7550c40e188b3da9349c9d7b941a699c2f62e0e3
0x1798f570fe27e24516c06253ea5988287007214a67179e277449797232afbeeb,0x7550c40e188b3da9349c9d7b941a699c2f62e0e3,0xc14D994fe7C5858c93936cc3bD42bb9467d6fB2C,25077221,1778567051,2026-05-12T06:24:11Z,bridgeNFTsV1,1682,0,0x8e9b650b79bd28f324f5b26d6ddba594eb237cdf,0x7550c40e188b3da9349c9d7b941a699c2f62e0e3
0x0acf70f9c38301009d48bf304e0395e9bbcc1a5173e441c035c35aca5a627c67,0x7550c40e188b3da9349c9d7b941a699c2f62e0e3,0xc14D994fe7C5858c93936cc3bD42bb9467d6fB2C,25077221,1778567051,2026-05-12T06:24:11Z,bridgeNFTsV1,1683,0,0xae72eef2a981dffd9d5964dd0eb669e10ae10957,0x7550c40e188b3da9349c9d7b941a699c2f62e0e3
0x3bb1d1bdcd9f6eda1fc83c5d5548e39023033a2d07e8482ae83d409b1d85e51b,0x7550c40e188b3da9349c9d7b941a699c2f62e0e3,0xc14D994fe7C5858c93936cc3bD42bb9467d6fB2C,25077221,1778567051,2026-05-12T06:24:11Z,bridgeNFTsV1,1684,0,0xae72eef2a981dffd9d5964dd0eb669e10ae10957,0x7550c40e188b3da9349c9d7b941a699c2f62e0e3
0xcf51d01a272427aa4cf315aa958d7520fb3e3d91e4ccad6e4b4c236571fd22e3,0x7550c40e188b3da9349c9d7b941a699c2f62e0e3,0xc14D994fe7C5858c93936cc3bD42bb9467d6fB2C,25077221,1778567051,2026-05-12T06:24:11Z,bridgeNFTsV1,1685,0,0xae72eef2a981dffd9d5964dd0eb669e10ae10957,0x7550c40e188b3da9349c9d7b941a699c2f62e0e3
0x8806ac7c94ea68114b5197c546f320aca2297a47cef590c6afdb2c787644002f,0x7550c40e188b3da9349c9d7b941a699c2f62e0e3,0xc14D994fe7C5858c93936cc3bD42bb9467d6fB2C,25077221,1778567051,2026-05-12T06:24:11Z,bridgeNFTsV1,1688,0,0x67de64113d7b412d1e853ed66dfb7eaf7047d093,0x7550c40e188b3da9349c9d7b941a699c2f62e0e3
0x204ca7694d5662cdab28a46d7f80a837bac2cc5c8b7b61f70c0473ca12dbb71c,0x7550c40e188b3da9349c9d7b941a699c2f62e0e3,0xc14D994fe7C5858c93936cc3bD42bb9467d6fB2C,25077221,1778567051,2026-05-12T06:24:11Z,bridgeNFTsV1,1689,0,0x67de64113d7b412d1e853ed66dfb7eaf7047d093,0x7550c40e188b3da9349c9d7b941a699c2f62e0e3
0x4c646fbce66edaa0da5f7d23227c4a107999b34ab50a562e32a63208d25d2415,0x7550c40e188b3da9349c9d7b941a699c2f62e0e3,0xc14D994fe7C5858c93936cc3bD42bb9467d6fB2C,25077221,1778567051,2026-05-12T06:24:11Z,bridgeNFTsV1,1696,0,0x2dbc54d6993a1db9be6431292036641ec73e8c70,0x7550c40e188b3da9349c9d7b941a699c2f62e0e3
0x51077bc9d041ad5bd562ec6f7dd9331a9b2b5db446bf3da5a114ce7dedf53042,0x7550c40e188b3da9349c9d7b941a699c2f62e0e3,0xc14D994fe7C5858c93936cc3bD42bb9467d6fB2C,25077221,1778567051,2026-05-12T06:24:11Z,bridgeNFTsV1,1697,0,0x340efe9bb2383d463313e7d988ddea6b52b27b0b,0x7550c40e188b3da9349c9d7b941a699c2f62e0e3
0xe8a08a575a368fcea4f698f32031d2466f999656176d2efd69a195dbc560db06,0x7550c40e188b3da9349c9d7b941a699c2f62e0e3,0xc14D994fe7C5858c93936cc3bD42bb9467d6fB2C,25077221,1778567051,2026-05-12T06:24:11Z,bridgeNFTsV1,1699,0,0xa92be7f728ef585851212b1ceb318b8a2fbacc96,0x7550c40e188b3da9349c9d7b941a699c2f62e0e3
0x6fc74ef0fb3574cf47a9fc2659dccb1016af8d0575460365f0a79e09139d1666,0x7550c40e188b3da9349c9d7b941a699c2f62e0e3,0xc14D994fe7C5858c93936cc3bD42bb9467d6fB2C,25077221,1778567051,2026-05-12T06:24:11Z,bridgeNFTsV1,1700,0,0xd9fbb755d859c8026aba1b64f71ce97ab594644d,0x7550c40e188b3da9349c9d7b941a699c2f62e0e3
0x4fca072b2f94209cbd1b94c378dfa813ffb4738b77f3414098b51c8406ca360e,0x7550c40e188b3da9349c9d7b941a699c2f62e0e3,0xc14D994fe7C5858c93936cc3bD42bb9467d6fB2C,25077221,1778567051,2026-05-12T06:24:11Z,bridgeNFTsV1,1701,0,0xc54bd1f466f2f4f36de59f4024e86885386d6f1b,0x7550c40e188b3da9349c9d7b941a699c2f62e0e3
0xbb2757f7bb2f4cc311a3997ff6489ceeb4090fe871dd3b0157f42abc1d9c6bf1,0x7550c40e188b3da9349c9d7b941a699c2f62e0e3,0xc14D994fe7C5858c93936cc3bD42bb9467d6fB2C,25077221,1778567051,2026-05-12T06:24:11Z,bridgeNFTsV1,1704,0,0x1f9c822097a6ede8def937356863e37a18b97278,0x7550c40e188b3da9349c9d7b941a699c2f62e0e3
0x80572de5f10bdc32d52fee7c142bdf02cf907c8507a2c14c15c4ae32991148f9,0x7550c40e188b3da9349c9d7b941a699c2f62e0e3,0xc14D994fe7C5858c93936cc3bD42bb9467d6fB2C,25077221,1778567051,2026-05-12T06:24:11Z,bridgeNFTsV1,1707,0,0x0226068ce182ad66482ac08219d41e00eae74aa7,0x7550c40e188b3da9349c9d7b941a699c2f62e0e3
0xfc14d7a2d0e8411091a3d0e5a20f204368015ef07bedd1909eec10dcfe9ca5ff,0x7550c40e188b3da9349c9d7b941a699c2f62e0e3,0xc14D994fe7C5858c93936cc3bD42bb9467d6fB2C,25077221,1778567051,2026-05-12T06:24:11Z,bridgeNFTsV1,1708,0,0x0226068ce182ad66482ac08219d41e00eae74aa7,0x7550c40e188b3da9349c9d7b941a699c2f62e0e3
0x770c90b0d6e0ac1f60a3a6b8e21e28ae191381f5b95a6d95d7f229adf1a5a785,0x7550c40e188b3da9349c9d7b941a699c2f62e0e3,0xc14D994fe7C5858c93936cc3bD42bb9467d6fB2C,25077221,1778567051,2026-05-12T06:24:11Z,bridgeNFTsV1,1712,0,0x52d4d46e28dc72b1cef2cb8eb5ec75dd12bc4df3,0x7550c40e188b3da9349c9d7b941a699c2f62e0e3
0xf753b8924f20b466d516b22cbfb5e19ab5c9f69fa7478998a472b5b1473a6bcc,0x7550c40e188b3da9349c9d7b941a699c2f62e0e3,0xc14D994fe7C5858c93936cc3bD42bb9467d6fB2C,25077221,1778567051,2026-05-12T06:24:11Z,bridgeNFTsV1,1713,0,0xb2df747c5d1bdadd6f7e581ade3ad193d6a296f2,0x7550c40e188b3da9349c9d7b941a699c2f62e0e3
0x86a739d90d1bc6fc5ac2c80b7701b0ee5f4db2677a5e36a047da07c47aff080a,0x7550c40e188b3da9349c9d7b941a699c2f62e0e3,0xc14D994fe7C5858c93936cc3bD42bb9467d6fB2C,25077221,1778567051,2026-05-12T06:24:11Z,bridgeNFTsV1,1716,0,0xf5dcb2a47f738d8ba39f9fa2ddc7592f268a262a,0x7550c40e188b3da9349c9d7b941a699c2f62e0e3
0xdb4c90e0d5534cc7c3df32396c2426973173375a6141ca1b2e323a926fc5c5ac,0x7550c40e188b3da9349c9d7b941a699c2f62e0e3,0xc14D994fe7C5858c93936cc3bD42bb9467d6fB2C,25077221,1778567051,2026-05-12T06:24:11Z,bridgeNFTsV1,1717,0,0x392365d5954a9b8bce72cc6b55bc206120145220,0x7550c40e188b3da9349c9d7b941a699c2f62e0e3
0x831c2c64e23465f59f977039862dcfe22c98c490e40e6c77048a70e4b4d470d2,0x7550c40e188b3da9349c9d7b941a699c2f62e0e3,0xc14D994fe7C5858c93936cc3bD42bb9467d6fB2C,25077221,1778567051,2026-05-12T06:24:11Z,bridgeNFTsV1,1718,0,0x392365d5954a9b8bce72cc6b55bc206120145220,0x7550c40e188b3da9349c9d7b941a699c2f62e0e3
0xa3a7cdb62686a67c3880323020cdec8af909518248f30d671ea74f87efcb4f93,0x7550c40e188b3da9349c9d7b941a699c2f62e0e3,0xc14D994fe7C5858c93936cc3bD42bb9467d6fB2C,25077221,1778567051,2026-05-12T06:24:11Z,bridgeNFTsV1,1719,0,0xea459a5aa7e52f0493eda1faae0b862c51bf40b9,0x7550c40e188b3da9349c9d7b941a699c2f62e0e3
0x558976051eb8c21bb7f8a87fcf602236ec3aa456f1334eb25c415966a19c0b79,0x7550c40e188b3da9349c9d7b941a699c2f62e0e3,0xc14D994fe7C5858c93936cc3bD42bb9467d6fB2C,25077221,1778567051,2026-05-12T06:24:11Z,bridgeNFTsV1,1729,0,0xed2c2cdec695be3a4dc421c1a8a6756dc5a927b6,0x7550c40e188b3da9349c9d7b941a699c2f62e0e3
0xd39e7084b7cd9e4052300ddd0fc302e4d6a6da40fef2231c0fdf14f2901c3677,0x7550c40e188b3da9349c9d7b941a699c2f62e0e3,0xc14D994fe7C5858c93936cc3bD42bb9467d6fB2C,25077221,1778567051,2026-05-12T06:24:11Z,bridgeNFTsV1,1743,0,0x57fcf904efc785e098676922d406e64a4e0e7ea2,0x7550c40e188b3da9349c9d7b941a699c2f62e0e3
0xbfb04b18ed18d1e01a475952316e2a574fcd21e17f7e9a56b28906e242bff5ed,0x7550c40e188b3da9349c9d7b941a699c2f62e0e3,0xc14D994fe7C5858c93936cc3bD42bb9467d6fB2C,25077221,1778567051,2026-05-12T06:24:11Z,bridgeNFTsV1,1744,0,0x57fcf904efc785e098676922d406e64a4e0e7ea2,0x7550c40e188b3da9349c9d7b941a699c2f62e0e3
0x0c775e0dc7f2bba420af3db861239461763179ec4021aa5e8b5bc32421e0f237,0x7550c40e188b3da9349c9d7b941a699c2f62e0e3,0xc14D994fe7C5858c93936cc3bD42bb9467d6fB2C,25077221,1778567051,2026-05-12T06:24:11Z,bridgeNFTsV1,1745,0,0x57fcf904efc785e098676922d406e64a4e0e7ea2,0x7550c40e188b3da9349c9d7b941a699c2f62e0e3
0x57941426bd93b549795ca8662dad418cffa2ee2821f6a2d7228a53ade40af322,0x7550c40e188b3da9349c9d7b941a699c2f62e0e3,0xc14D994fe7C5858c93936cc3bD42bb9467d6fB2C,25077221,1778567051,2026-05-12T06:24:11Z,bridgeNFTsV1,1746,0,0x57fcf904efc785e098676922d406e64a4e0e7ea2,0x7550c40e188b3da9349c9d7b941a699c2f62e0e3
0xd5822a684756476a6fefdb6346527d2ce8d04775f38a95671c814320d1fda328,0x7550c40e188b3da9349c9d7b941a699c2f62e0e3,0xc14D994fe7C5858c93936cc3bD42bb9467d6fB2C,25077221,1778567051,2026-05-12T06:24:11Z,bridgeNFTsV1,1747,0,0x57fcf904efc785e098676922d406e64a4e0e7ea2,0x7550c40e188b3da9349c9d7b941a699c2f62e0e3
0xcf5d2291111c1979d1e10ad24655aec6e672f8889892a19c5dd817120ff4ddb5,0x7550c40e188b3da9349c9d7b941a699c2f62e0e3,0xc14D994fe7C5858c93936cc3bD42bb9467d6fB2C,25077221,1778567051,2026-05-12T06:24:11Z,bridgeNFTsV1,1748,0,0x57fcf904efc785e098676922d406e64a4e0e7ea2,0x7550c40e188b3da9349c9d7b941a699c2f62e0e3
0xc38f62777c883346ad7ae71a563cd54bebdb6d0773e86d5693b13b2db41fb234,0x7550c40e188b3da9349c9d7b941a699c2f62e0e3,0xc14D994fe7C5858c93936cc3bD42bb9467d6fB2C,25077221,1778567051,2026-05-12T06:24:11Z,bridgeNFTsV1,1750,0,0x57fcf904efc785e098676922d406e64a4e0e7ea2,0x7550c40e188b3da9349c9d7b941a699c2f62e0e3
0xe930159379dc33e69a374fc491caa66fc729e0bc4841f467745af14c8d2fb919,0x7550c40e188b3da9349c9d7b941a699c2f62e0e3,0xc14D994fe7C5858c93936cc3bD42bb9467d6fB2C,25077221,1778567051,2026-05-12T06:24:11Z,bridgeNFTsV1,1751,0,0x57fcf904efc785e098676922d406e64a4e0e7ea2,0x7550c40e188b3da9349c9d7b941a699c2f62e0e3
0x6f990a62e33e58671e003e68d5887c5d9257b16591ca2f4cc533733add3e5c94,0x7550c40e188b3da9349c9d7b941a699c2f62e0e3,0xc14D994fe7C5858c93936cc3bD42bb9467d6fB2C,25077221,1778567051,2026-05-12T06:24:11Z,bridgeNFTsV1,1752,0,0x57fcf904efc785e098676922d406e64a4e0e7ea2,0x7550c40e188b3da9349c9d7b941a699c2f62e0e3
0x6c0008e737228e510ac2bd54cfa39a76bb2a97c53fa85b5e9ca89cbd9150922c,0x7550c40e188b3da9349c9d7b941a699c2f62e0e3,0xc14D994fe7C5858c93936cc3bD42bb9467d6fB2C,25077221,1778567051,2026-05-12T06:24:11Z,bridgeNFTsV1,1753,0,0x57fcf904efc785e098676922d406e64a4e0e7ea2,0x7550c40e188b3da9349c9d7b941a699c2f62e0e3
0xbe1b78b37c20577afa05c82eec8e9f41c84149d25906a7ed5d0a155a96aa32c0,0x7550c40e188b3da9349c9d7b941a699c2f62e0e3,0xc14D994fe7C5858c93936cc3bD42bb9467d6fB2C,25077221,1778567051,2026-05-12T06:24:11Z,bridgeNFTsV1,1754,0,0x57fcf904efc785e098676922d406e64a4e0e7ea2,0x7550c40e188b3da9349c9d7b941a699c2f62e0e3
0x73b731c065dbe35d47ef8e41fa7587b193b69cc31c054e825bf143900d582b7d,0x7550c40e188b3da9349c9d7b941a699c2f62e0e3,0xc14D994fe7C5858c93936cc3bD42bb9467d6fB2C,25077221,1778567051,2026-05-12T06:24:11Z,bridgeNFTsV1,1755,0,0x57fcf904efc785e098676922d406e64a4e0e7ea2,0x7550c40e188b3da9349c9d7b941a699c2f62e0e3
0x55ff2a34f2e5fc04f308b1690e1df1d229813a9142146d5033591614687ed78b,0x7550c40e188b3da9349c9d7b941a699c2f62e0e3,0xc14D994fe7C5858c93936cc3bD42bb9467d6fB2C,25077221,1778567051,2026-05-12T06:24:11Z,bridgeNFTsV1,1756,0,0x57fcf904efc785e098676922d406e64a4e0e7ea2,0x7550c40e188b3da9349c9d7b941a699c2f62e0e3
0xa4c553f65e2777909110482bc950a026e5da38f5bdcc641a58ce3c7082cc1f37,0x7550c40e188b3da9349c9d7b941a699c2f62e0e3,0xc14D994fe7C5858c93936cc3bD42bb9467d6fB2C,25077221,1778567051,2026-05-12T06:24:11Z,bridgeNFTsV1,1757,0,0x57fcf904efc785e098676922d406e64a4e0e7ea2,0x7550c40e188b3da9349c9d7b941a699c2f62e0e3
0x4e0a690a6f936fd3ff17befbb4eb94e4563b19ebb3f851150eea75d1281e784c,0x7550c40e188b3da9349c9d7b941a699c2f62e0e3,0xc14D994fe7C5858c93936cc3bD42bb9467d6fB2C,25077221,1778567051,2026-05-12T06:24:11Z,bridgeNFTsV1,1758,0,0x57fcf904efc785e098676922d406e64a4e0e7ea2,0x7550c40e188b3da9349c9d7b941a699c2f62e0e3
0xabb4418e0b85714565866b9079268adaf1bf174181229637bf77b4fc4f7eaf13,0x7550c40e188b3da9349c9d7b941a699c2f62e0e3,0xc14D994fe7C5858c93936cc3bD42bb9467d6fB2C,25077221,1778567051,2026-05-12T06:24:11Z,bridgeNFTsV1,1759,0,0x57fcf904efc785e098676922d406e64a4e0e7ea2,0x7550c40e188b3da9349c9d7b941a699c2f62e0e3
0x5502b374cdbedf8e70ffdfc87f24324a2b3e061c2600054ced5f772b0a377032,0x7550c40e188b3da9349c9d7b941a699c2f62e0e3,0xc14D994fe7C5858c93936cc3bD42bb9467d6fB2C,25077221,1778567051,2026-05-12T06:24:11Z,bridgeNFTsV1,1761,0,0x57fcf904efc785e098676922d406e64a4e0e7ea2,0x7550c40e188b3da9349c9d7b941a699c2f62e0e3
0x98ac95673ba84edb87ae5287829de9ebc32de14bd774ea18323f900d4d2c82a1,0x7550c40e188b3da9349c9d7b941a699c2f62e0e3,0xc14D994fe7C5858c93936cc3bD42bb9467d6fB2C,25077221,1778567051,2026-05-12T06:24:11Z,bridgeNFTsV1,1762,0,0x57fcf904efc785e098676922d406e64a4e0e7ea2,0x7550c40e188b3da9349c9d7b941a699c2f62e0e3
0x6364a38d6df669553dba38de8b198b3f1279cc5a05d7053f9dd5a3d476f3a072,0x7550c40e188b3da9349c9d7b941a699c2f62e0e3,0xc14D994fe7C5858c93936cc3bD42bb9467d6fB2C,25077221,1778567051,2026-05-12T06:24:11Z,bridgeNFTsV1,1763,0,0x57fcf904efc785e098676922d406e64a4e0e7ea2,0x7550c40e188b3da9349c9d7b941a699c2f62e0e3
0x00a899c74775c81e636c681ff5cee69da3772b92e52bc93e270ad4120683fc4d,0x7550c40e188b3da9349c9d7b941a699c2f62e0e3,0xc14D994fe7C5858c93936cc3bD42bb9467d6fB2C,25077221,1778567051,2026-05-12T06:24:11Z,bridgeNFTsV1,1764,0,0x57fcf904efc785e098676922d406e64a4e0e7ea2,0x7550c40e188b3da9349c9d7b941a699c2f62e0e3
0x34244accebedf7856f785ce3d2bbcd03429cd85041b2449eb65d67cf18abcea2,0x7550c40e188b3da9349c9d7b941a699c2f62e0e3,0xc14D994fe7C5858c93936cc3bD42bb9467d6fB2C,25077221,1778567051,2026-05-12T06:24:11Z,bridgeNFTsV1,1765,0,0x5d6a0c304097e0ef19291f57fd63d5151dc1fdb0,0x7550c40e188b3da9349c9d7b941a699c2f62e0e3
0x356f563f0277c785c036b3fb9b17ff714be35869fb6fc1fd94a8fde93c2bb0b2,0x7550c40e188b3da9349c9d7b941a699c2f62e0e3,0xc14D994fe7C5858c93936cc3bD42bb9467d6fB2C,25077221,1778567051,2026-05-12T06:24:11Z,bridgeNFTsV1,1773,0,0xf1e26c020a084e77a4931fee4c997a2b064566fc,0x7550c40e188b3da9349c9d7b941a699c2f62e0e3
0x8b3df2f95f710168b8e0c3ad0a7046be8a5e1f056c96ca12339b34373017ff3d,0x7550c40e188b3da9349c9d7b941a699c2f62e0e3,0xc14D994fe7C5858c93936cc3bD42bb9467d6fB2C,25077221,1778567051,2026-05-12T06:24:11Z,bridgeNFTsV1,1776,0,0xed2c2cdec695be3a4dc421c1a8a6756dc5a927b6,0x7550c40e188b3da9349c9d7b941a699c2f62e0e3
0xab6fe94eeb901d407824b79d982dc63f736e7b9d9396d9e4ce1e5fc4a3d9a63c,0x7550c40e188b3da9349c9d7b941a699c2f62e0e3,0xc14D994fe7C5858c93936cc3bD42bb9467d6fB2C,25077221,1778567051,2026-05-12T06:24:11Z,bridgeNFTsV1,1778,0,0x27c27151f9bc6330b767bab8dcada11a253ccb8c,0x7550c40e188b3da9349c9d7b941a699c2f62e0e3
0xd67e072477d6df8b1573da1221581fd033698afb3b22bc603c4fe8a3995c397c,0x7550c40e188b3da9349c9d7b941a699c2f62e0e3,0xc14D994fe7C5858c93936cc3bD42bb9467d6fB2C,25077221,1778567051,2026-05-12T06:24:11Z,bridgeNFTsV1,1784,0,0x6ec4defaaa028bbee11494baacb9067f083c359f,0x7550c40e188b3da9349c9d7b941a699c2f62e0e3
0x099d0e156684ad82bc57cda02544944236f7b67fd00842d1bb98b19b018bc6b6,0x7550c40e188b3da9349c9d7b941a699c2f62e0e3,0xc14D994fe7C5858c93936cc3bD42bb9467d6fB2C,25077221,1778567051,2026-05-12T06:24:11Z,bridgeNFTsV1,1785,0,0x6ec4defaaa028bbee11494baacb9067f083c359f,0x7550c40e188b3da9349c9d7b941a699c2f62e0e3
0x98cec000df6d83ce7f3b100a7f566a4e3f6d5743b7725f825f1e0cac2c3d4600,0x7550c40e188b3da9349c9d7b941a699c2f62e0e3,0xc14D994fe7C5858c93936cc3bD42bb9467d6fB2C,25077221,1778567051,2026-05-12T06:24:11Z,bridgeNFTsV1,1786,0,0x6ec4defaaa028bbee11494baacb9067f083c359f,0x7550c40e188b3da9349c9d7b941a699c2f62e0e3
0xa0b04ebd24434e36c8f77757d5106dfe6a3e4fe64096445a91a011740864b76d,0x7550c40e188b3da9349c9d7b941a699c2f62e0e3,0xc14D994fe7C5858c93936cc3bD42bb9467d6fB2C,25077221,1778567051,2026-05-12T06:24:11Z,bridgeNFTsV1,1788,0,0xfc1f931ab692f366b65ef42a6cd0d8d65e40f841,0x7550c40e188b3da9349c9d7b941a699c2f62e0e3
0xd44044a344ee146773a493f7a1cd621625e2e763adad1606fc30d676b7921b0b,0x7550c40e188b3da9349c9d7b941a699c2f62e0e3,0xc14D994fe7C5858c93936cc3bD42bb9467d6fB2C,25077221,1778567051,2026-05-12T06:24:11Z,bridgeNFTsV1,1790,0,0x480730d281b4739da8a760c26d4a10f0ca61b8ac,0x7550c40e188b3da9349c9d7b941a699c2f62e0e3
0x5c03cc2a061abdd3c431d31dacde29b5a4cc3f64247202524d478ef364648408,0x7550c40e188b3da9349c9d7b941a699c2f62e0e3,0xc14D994fe7C5858c93936cc3bD42bb9467d6fB2C,25077221,1778567051,2026-05-12T06:24:11Z,bridgeNFTsV1,1791,0,0x480730d281b4739da8a760c26d4a10f0ca61b8ac,0x7550c40e188b3da9349c9d7b941a699c2f62e0e3
0x12816a4288ff4879d54b6705e019ee96b041799acae16ac7ccfd03f44a8d402e,0x7550c40e188b3da9349c9d7b941a699c2f62e0e3,0xc14D994fe7C5858c93936cc3bD42bb9467d6fB2C,25077221,1778567051,2026-05-12T06:24:11Z,bridgeNFTsV1,1792,0,0x8dc4310f20d59ba458b76a62141697717f93fa41,0x7550c40e188b3da9349c9d7b941a699c2f62e0e3
0x9a32b6f8f378ddc239db63cffd8237f409583e8f01a65c9bf9b98deccca75884,0x7550c40e188b3da9349c9d7b941a699c2f62e0e3,0xc14D994fe7C5858c93936cc3bD42bb9467d6fB2C,25077221,1778567051,2026-05-12T06:24:11Z,bridgeNFTsV1,1800,0,0xcc202930867769a83b61cf5053b65d1845e76aea,0x7550c40e188b3da9349c9d7b941a699c2f62e0e3
0x8ba43acd8b2968bb2405d240bd75c8dd0f9dd74fc969377ee253ae3290bf6491,0x7550c40e188b3da9349c9d7b941a699c2f62e0e3,0xc14D994fe7C5858c93936cc3bD42bb9467d6fB2C,25077221,1778567051,2026-05-12T06:24:11Z,bridgeNFTsV1,1801,0,0xcc202930867769a83b61cf5053b65d1845e76aea,0x7550c40e188b3da9349c9d7b941a699c2f62e0e3
0x7aa9076628a5bcf426336f0e0ba6fea23acb6dbaace16a8d94da6f28d0951f0b,0x7550c40e188b3da9349c9d7b941a699c2f62e0e3,0xc14D994fe7C5858c93936cc3bD42bb9467d6fB2C,25077221,1778567051,2026-05-12T06:24:11Z,bridgeNFTsV1,1808,0,0xcc8bd74382cd27c8fa9ea2b4281592cdb2042cb0,0x7550c40e188b3da9349c9d7b941a699c2f62e0e3
0x214528b869ec88741206757ac70fe805904a31487b3dc982b2a730bdd4c60056,0x7550c40e188b3da9349c9d7b941a699c2f62e0e3,0xc14D994fe7C5858c93936cc3bD42bb9467d6fB2C,25077221,1778567051,2026-05-12T06:24:11Z,bridgeNFTsV1,1815,0,0xa99e5d5aec0f681f3a2b1dd75e817a31f9b24a0a,0x7550c40e188b3da9349c9d7b941a699c2f62e0e3
0xfe40b9fd65d71aa3b9ebbb5f0d19134374aa367e0ed55c20e1e4aba6cfda3f51,0x7550c40e188b3da9349c9d7b941a699c2f62e0e3,0xc14D994fe7C5858c93936cc3bD42bb9467d6fB2C,25077221,1778567051,2026-05-12T06:24:11Z,bridgeNFTsV1,1816,0,0x69fe2badd12f4515aaf99e3a9956b9ffae56f877,0x7550c40e188b3da9349c9d7b941a699c2f62e0e3
0xe314a0bf3b5bb861b79e19d11965c122c6cd3893860c5c9554e867ba80597279,0x7550c40e188b3da9349c9d7b941a699c2f62e0e3,0xc14D994fe7C5858c93936cc3bD42bb9467d6fB2C,25077221,1778567051,2026-05-12T06:24:11Z,bridgeNFTsV1,1821,0,0x94386491b7d1506ea9d29d4545f619db0e697986,0x7550c40e188b3da9349c9d7b941a699c2f62e0e3
0x542f0aad63a789068f4b032ce17d4555460ebd012633f4059f120153ea4fcc98,0x7550c40e188b3da9349c9d7b941a699c2f62e0e3,0xc14D994fe7C5858c93936cc3bD42bb9467d6fB2C,25077221,1778567051,2026-05-12T06:24:11Z,bridgeNFTsV1,1827,0,0xbfa62bafbe913971f9bd35ecf4c0f2ac2d7bd2dd,0x7550c40e188b3da9349c9d7b941a699c2f62e0e3
0xc4c86f37f207018318b3a094649766ea84d5a3361354380fac8679f22cd8548a,0x7550c40e188b3da9349c9d7b941a699c2f62e0e3,0xc14D994fe7C5858c93936cc3bD42bb9467d6fB2C,25077221,1778567051,2026-05-12T06:24:11Z,bridgeNFTsV1,1830,0,0x70be2bfe60d875faad5922f2379af1a0afc8e754,0x7550c40e188b3da9349c9d7b941a699c2f62e0e3
0xcfb4f145b6243b27e4c5413b3946226b752e89614284754b265909e983d484ab,0x7550c40e188b3da9349c9d7b941a699c2f62e0e3,0xc14D994fe7C5858c93936cc3bD42bb9467d6fB2C,25077221,1778567051,2026-05-12T06:24:11Z,bridgeNFTsV1,1831,0,0xb78afc3695870310e7c337afba7925308c1d946f,0x7550c40e188b3da9349c9d7b941a699c2f62e0e3
0xe5a54850c49ad23f08b19bc428e2e8238954802530b356ded23ff97a33817fa6,0x7550c40e188b3da9349c9d7b941a699c2f62e0e3,0xc14D994fe7C5858c93936cc3bD42bb9467d6fB2C,25077221,1778567051,2026-05-12T06:24:11Z,bridgeNFTsV1,1832,0,0xb78afc3695870310e7c337afba7925308c1d946f,0x7550c40e188b3da9349c9d7b941a699c2f62e0e3
0x811bd2f09acc0526b379fe2027fc64f1e28c4feaacc04014c5351a076702f9d2,0x7550c40e188b3da9349c9d7b941a699c2f62e0e3,0xc14D994fe7C5858c93936cc3bD42bb9467d6fB2C,25077221,1778567051,2026-05-12T06:24:11Z,bridgeNFTsV1,1833,0,0xb78afc3695870310e7c337afba7925308c1d946f,0x7550c40e188b3da9349c9d7b941a699c2f62e0e3
0xab4d4f7384d041dda74039e6e4b81bcc6656159457e9939550ba9fad2e067e2d,0x7550c40e188b3da9349c9d7b941a699c2f62e0e3,0xc14D994fe7C5858c93936cc3bD42bb9467d6fB2C,25077221,1778567051,2026-05-12T06:24:11Z,bridgeNFTsV1,1842,0,0x38a7d735aca3c939f189a92f41cc1f34da2907d5,0x7550c40e188b3da9349c9d7b941a699c2f62e0e3
0x053ec10b75be5f363785dc4f03ce12027e03337559617cf9887277da4c38c712,0x7550c40e188b3da9349c9d7b941a699c2f62e0e3,0xc14D994fe7C5858c93936cc3bD42bb9467d6fB2C,25077221,1778567051,2026-05-12T06:24:11Z,bridgeNFTsV1,1845,0,0xf22cfdd13bf9ab3d7d0e3d3b859fedd3ce08aa09,0x7550c40e188b3da9349c9d7b941a699c2f62e0e3
0xb4e4700edd7eae7b9d872c30bee470147f66bb490dcc5d41f308999b8094407c,0x7550c40e188b3da9349c9d7b941a699c2f62e0e3,0xc14D994fe7C5858c93936cc3bD42bb9467d6fB2C,25077221,1778567051,2026-05-12T06:24:11Z,bridgeNFTsV1,1853,0,0x81ae7d3b3101d6f31964d3d7b4c9d2ccc1374892,0x7550c40e188b3da9349c9d7b941a699c2f62e0e3
0x2c33a7490c4ba89f53930250456e5c355125bd882d2b997b43f6a97f44118137,0x7550c40e188b3da9349c9d7b941a699c2f62e0e3,0xc14D994fe7C5858c93936cc3bD42bb9467d6fB2C,25077221,1778567051,2026-05-12T06:24:11Z,bridgeNFTsV1,1854,0,0x6b67623ff56c10d9dcfc2152425f90285fc74ddd,0x7550c40e188b3da9349c9d7b941a699c2f62e0e3
0xd2697b0bf3b569c551dfdde81a06adf325008934f307b8e46e53249541b9b83e,0x7550c40e188b3da9349c9d7b941a699c2f62e0e3,0xc14D994fe7C5858c93936cc3bD42bb9467d6fB2C,25077221,1778567051,2026-05-12T06:24:11Z,bridgeNFTsV1,1855,0,0xe33931ff58cfc8c828988e881f27a4b034eadd84,0x7550c40e188b3da9349c9d7b941a699c2f62e0e3
0xabe2c0b0e1e1beeb76290b498f28c39bedd3e169032a7a0fbffa09f08db3e767,0x7550c40e188b3da9349c9d7b941a699c2f62e0e3,0xc14D994fe7C5858c93936cc3bD42bb9467d6fB2C,25077221,1778567051,2026-05-12T06:24:11Z,bridgeNFTsV1,1866,0,0x9dc9d9d428cd616a292a913ceb31557b6f2882c7,0x7550c40e188b3da9349c9d7b941a699c2f62e0e3
0x7fabe3319a3ab08f4c0ed11fd8c646f444b1f4b9d37c52591e9d98c575a890af,0x7550c40e188b3da9349c9d7b941a699c2f62e0e3,0xc14D994fe7C5858c93936cc3bD42bb9467d6fB2C,25077221,1778567051,2026-05-12T06:24:11Z,bridgeNFTsV1,1867,0,0x9dc9d9d428cd616a292a913ceb31557b6f2882c7,0x7550c40e188b3da9349c9d7b941a699c2f62e0e3
0x65ac054b10d9a4d68dba8b35004ea0b74d235ecc748eb258dcd78733ae9b8928,0x7550c40e188b3da9349c9d7b941a699c2f62e0e3,0xc14D994fe7C5858c93936cc3bD42bb9467d6fB2C,25077221,1778567051,2026-05-12T06:24:11Z,bridgeNFTsV1,1870,0,0x2771cc14865ca8aaa32e99a30a40c6632c1888a0,0x7550c40e188b3da9349c9d7b941a699c2f62e0e3
0xfbf672fd3300bb852135b232d479351707092121e8c3808896eef5f5e58c319c,0x7550c40e188b3da9349c9d7b941a699c2f62e0e3,0xc14D994fe7C5858c93936cc3bD42bb9467d6fB2C,25077221,1778567051,2026-05-12T06:24:11Z,bridgeNFTsV1,1872,0,0x2067bed542762d26e2755ce7d8776728f3429f48,0x7550c40e188b3da9349c9d7b941a699c2f62e0e3
0x5f6c056a8833723a584dc5b88671fc6609807b18d0e85ae287f457dd93d15821,0x7550c40e188b3da9349c9d7b941a699c2f62e0e3,0xc14D994fe7C5858c93936cc3bD42bb9467d6fB2C,25077221,1778567051,2026-05-12T06:24:11Z,bridgeNFTsV1,1874,0,0xe5a3f1e72d1dfa5c361516ac2779e9602106fea6,0x7550c40e188b3da9349c9d7b941a699c2f62e0e3
0xe96d4362427dfc1bd7b5ad188661878128ddcd926152da70fa50db077a57566c,0x7550c40e188b3da9349c9d7b941a699c2f62e0e3,0xc14D994fe7C5858c93936cc3bD42bb9467d6fB2C,25077221,1778567051,2026-05-12T06:24:11Z,bridgeNFTsV1,1879,0,0xf963837cf127d561c8e0c4691ebd5c2e4828c5ee,0x7550c40e188b3da9349c9d7b941a699c2f62e0e3
0x52dfc764844e1db1dcc7f3874e3377ba1603f061d17405efda95ee663f370760,0x7550c40e188b3da9349c9d7b941a699c2f62e0e3,0xc14D994fe7C5858c93936cc3bD42bb9467d6fB2C,25077221,1778567051,2026-05-12T06:24:11Z,bridgeNFTsV1,1881,0,0xa14964479ebf9cd336011ad80652b08cd83dfe3a,0x7550c40e188b3da9349c9d7b941a699c2f62e0e3
0xf2f36c4611a125a95a98d1f93d247c34b98c58ee95bc34c62a52fac7ea8e266a,0x7550c40e188b3da9349c9d7b941a699c2f62e0e3,0xc14D994fe7C5858c93936cc3bD42bb9467d6fB2C,25077221,1778567051,2026-05-12T06:24:11Z,bridgeNFTsV1,1882,0,0xa14964479ebf9cd336011ad80652b08cd83dfe3a,0x7550c40e188b3da9349c9d7b941a699c2f62e0e3
0x74dba783a305e3262e05f377258caeb67db21013e807d2ac96df603b245943c7,0x7550c40e188b3da9349c9d7b941a699c2f62e0e3,0xc14D994fe7C5858c93936cc3bD42bb9467d6fB2C,25077221,1778567051,2026-05-12T06:24:11Z,bridgeNFTsV1,1883,0,0xa14964479ebf9cd336011ad80652b08cd83dfe3a,0x7550c40e188b3da9349c9d7b941a699c2f62e0e3
0x5a95b3f923d00c2c65be4aebebb0468552c587316aaae4a70fa0cb826da8b903,0x7550c40e188b3da9349c9d7b941a699c2f62e0e3,0xc14D994fe7C5858c93936cc3bD42bb9467d6fB2C,25077221,1778567051,2026-05-12T06:24:11Z,bridgeNFTsV1,1884,0,0xa14964479ebf9cd336011ad80652b08cd83dfe3a,0x7550c40e188b3da9349c9d7b941a699c2f62e0e3
0x07491f5c80198fae01b6511cc035ed4595cb7c15e4b64a7583a2d5982b3c808f,0x7550c40e188b3da9349c9d7b941a699c2f62e0e3,0xc14D994fe7C5858c93936cc3bD42bb9467d6fB2C,25077221,1778567051,2026-05-12T06:24:11Z,bridgeNFTsV1,1885,0,0xa14964479ebf9cd336011ad80652b08cd83dfe3a,0x7550c40e188b3da9349c9d7b941a699c2f62e0e3
0x7e6ba53455004538ec1600a2d056cfd8a5470060cbdcf8af9fc0b61b940f343f,0x7550c40e188b3da9349c9d7b941a699c2f62e0e3,0xc14D994fe7C5858c93936cc3bD42bb9467d6fB2C,25077221,1778567051,2026-05-12T06:24:11Z,bridgeNFTsV1,1886,0,0xa14964479ebf9cd336011ad80652b08cd83dfe3a,0x7550c40e188b3da9349c9d7b941a699c2f62e0e3
0x78d128bda352c37605dfd055f1b3951e7ef0d033d9e1cdf52b8425f95e3c1a35,0x7550c40e188b3da9349c9d7b941a699c2f62e0e3,0xc14D994fe7C5858c93936cc3bD42bb9467d6fB2C,25077221,1778567051,2026-05-12T06:24:11Z,bridgeNFTsV1,1887,0,0xa14964479ebf9cd336011ad80652b08cd83dfe3a,0x7550c40e188b3da9349c9d7b941a699c2f62e0e3
0x1873f6a2deac4c6eecb61fe256f6a6c5be3af880d7f86be435c249c54fcef070,0x7550c40e188b3da9349c9d7b941a699c2f62e0e3,0xc14D994fe7C5858c93936cc3bD42bb9467d6fB2C,25077222,1778567063,2026-05-12T06:24:23Z,bridgeNFTsV1,1888,0,0xa14964479ebf9cd336011ad80652b08cd83dfe3a,0x7550c40e188b3da9349c9d7b941a699c2f62e0e3
0xef22b7c88e20fbea162c1e74beee7b8de1dcd35a4965629dfc393ea26eee8870,0x7550c40e188b3da9349c9d7b941a699c2f62e0e3,0xc14D994fe7C5858c93936cc3bD42bb9467d6fB2C,25077222,1778567063,2026-05-12T06:24:23Z,bridgeNFTsV1,1889,0,0xa14964479ebf9cd336011ad80652b08cd83dfe3a,0x7550c40e188b3da9349c9d7b941a699c2f62e0e3
0x839401e91da4b109945a675adb0653673c339636eb96a5c3f0f7a979bf885d1d,0x7550c40e188b3da9349c9d7b941a699c2f62e0e3,0xc14D994fe7C5858c93936cc3bD42bb9467d6fB2C,25077222,1778567063,2026-05-12T06:24:23Z,bridgeNFTsV1,1890,0,0xa14964479ebf9cd336011ad80652b08cd83dfe3a,0x7550c40e188b3da9349c9d7b941a699c2f62e0e3
0x60c49e33afebe115ed079dfaec005e2851d0145f6738397f40e121f286d7cadb,0x7550c40e188b3da9349c9d7b941a699c2f62e0e3,0xc14D994fe7C5858c93936cc3bD42bb9467d6fB2C,25077222,1778567063,2026-05-12T06:24:23Z,bridgeNFTsV1,1891,0,0xa14964479ebf9cd336011ad80652b08cd83dfe3a,0x7550c40e188b3da9349c9d7b941a699c2f62e0e3
0x54cbc2282c865456e187ee4c9752897cdaf6196dbd10cb1607e95617ef6a38c8,0x7550c40e188b3da9349c9d7b941a699c2f62e0e3,0xc14D994fe7C5858c93936cc3bD42bb9467d6fB2C,25077222,1778567063,2026-05-12T06:24:23Z,bridgeNFTsV1,1892,0,0xa14964479ebf9cd336011ad80652b08cd83dfe3a,0x7550c40e188b3da9349c9d7b941a699c2f62e0e3
0x14d428e4dfda64184a826339a3f6a04a2288f99b9d8c3f2230ab9f9faa028a65,0x7550c40e188b3da9349c9d7b941a699c2f62e0e3,0xc14D994fe7C5858c93936cc3bD42bb9467d6fB2C,25077222,1778567063,2026-05-12T06:24:23Z,bridgeNFTsV1,1893,0,0xa14964479ebf9cd336011ad80652b08cd83dfe3a,0x7550c40e188b3da9349c9d7b941a699c2f62e0e3
0xbde583bd4165a5fc42f70a971372d99ba07db0852ff2d01dd0c0f081246fa639,0x7550c40e188b3da9349c9d7b941a699c2f62e0e3,0xc14D994fe7C5858c93936cc3bD42bb9467d6fB2C,25077222,1778567063,2026-05-12T06:24:23Z,bridgeNFTsV1,1894,0,0xa14964479ebf9cd336011ad80652b08cd83dfe3a,0x7550c40e188b3da9349c9d7b941a699c2f62e0e3
0x0adfb38efe330eb58a908d0fbb480eb4f373ec8f3deb360866352a8128e951db,0x7550c40e188b3da9349c9d7b941a699c2f62e0e3,0xc14D994fe7C5858c93936cc3bD42bb9467d6fB2C,25077222,1778567063,2026-05-12T06:24:23Z,bridgeNFTsV1,1895,0,0xa14964479ebf9cd336011ad80652b08cd83dfe3a,0x7550c40e188b3da9349c9d7b941a699c2f62e0e3
0x8e035e8426fb704367cac6d054f244d504686bac41aaf26648e030e2923da75f,0x7550c40e188b3da9349c9d7b941a699c2f62e0e3,0xc14D994fe7C5858c93936cc3bD42bb9467d6fB2C,25077222,1778567063,2026-05-12T06:24:23Z,bridgeNFTsV1,1906,0,0x6df653585c59900d3da22da41bf932edfdac144d,0x7550c40e188b3da9349c9d7b941a699c2f62e0e3
0xac6a557eb466837b86c7ab4b2a67acf935e67810e08f66ff43b2159291140f2d,0x7550c40e188b3da9349c9d7b941a699c2f62e0e3,0xc14D994fe7C5858c93936cc3bD42bb9467d6fB2C,25077222,1778567063,2026-05-12T06:24:23Z,bridgeNFTsV1,1953,0,0x88f516c04969f470888473458b5e09342da08b7a,0x7550c40e188b3da9349c9d7b941a699c2f62e0e3
0x900f0d1adfed82d53c8de76d15dcc85e60dd67f18dc8635cadc28622e6231edd,0x7550c40e188b3da9349c9d7b941a699c2f62e0e3,0xc14D994fe7C5858c93936cc3bD42bb9467d6fB2C,25077222,1778567063,2026-05-12T06:24:23Z,bridgeNFTsV1,1956,0,0x79fb7badd5efd97b8d68f17a09b61d45b6699df6,0x7550c40e188b3da9349c9d7b941a699c2f62e0e3
0xe6de9e47489c881d114588a49d1f95c9d2e72ef0563243b84cc13080b8148aac,0x7550c40e188b3da9349c9d7b941a699c2f62e0e3,0xc14D994fe7C5858c93936cc3bD42bb9467d6fB2C,25077222,1778567063,2026-05-12T06:24:23Z,bridgeNFTsV1,1960,0,0x2fd9abb389214cd5fe9493355641229428cc5fec,0x7550c40e188b3da9349c9d7b941a699c2f62e0e3
0xcadb1fae1146f53a0dbce5c751840975a3639ee48d417ae7b81da362ac847f73,0x7550c40e188b3da9349c9d7b941a699c2f62e0e3,0xc14D994fe7C5858c93936cc3bD42bb9467d6fB2C,25077222,1778567063,2026-05-12T06:24:23Z,bridgeNFTsV1,1963,0,0x9d387ab7ff693c1c26c59c3a912678b58368e9e5,0x7550c40e188b3da9349c9d7b941a699c2f62e0e3
0xef8d1d60a9f8cc4e06fb82054347f7ab34b974545e74a74e78542676728616a2,0x7550c40e188b3da9349c9d7b941a699c2f62e0e3,0xc14D994fe7C5858c93936cc3bD42bb9467d6fB2C,25077222,1778567063,2026-05-12T06:24:23Z,bridgeNFTsV1,1965,0,0x297946c26171008ba8c0e5642814b5fe6b842ab7,0x7550c40e188b3da9349c9d7b941a699c2f62e0e3
0x7c74a966861b24c63de0a6900e9406afc3281ee42460983a2e48cb18c081cb6c,0x7550c40e188b3da9349c9d7b941a699c2f62e0e3,0xc14D994fe7C5858c93936cc3bD42bb9467d6fB2C,25077222,1778567063,2026-05-12T06:24:23Z,bridgeNFTsV1,1966,0,0x280ded1b7e430bed0cbb0aace452fd2adef2b581,0x7550c40e188b3da9349c9d7b941a699c2f62e0e3
0x24520612a67efafd7b18cef528235e5e9aa5c734cf2df8a3f9f9b2443b478f03,0x7550c40e188b3da9349c9d7b941a699c2f62e0e3,0xc14D994fe7C5858c93936cc3bD42bb9467d6fB2C,25077222,1778567063,2026-05-12T06:24:23Z,bridgeNFTsV1,1973,0,0x37e887ce9f6fd3c9a050332ff20ece27d0f0a8e4,0x7550c40e188b3da9349c9d7b941a699c2f62e0e3
0x961d5604358a6cfcc3fe8c059b2212f147aee7c1f47c9e118b96066419138a1f,0x7550c40e188b3da9349c9d7b941a699c2f62e0e3,0xc14D994fe7C5858c93936cc3bD42bb9467d6fB2C,25077222,1778567063,2026-05-12T06:24:23Z,bridgeNFTsV1,1974,0,0x14cfd6b71163360b2a176ea167c2800b2deb8296,0x7550c40e188b3da9349c9d7b941a699c2f62e0e3
0xd9e2f46c8598f6ff1e274a2041064a29987a5d6883dd17d60ed0f711204a0d07,0x7550c40e188b3da9349c9d7b941a699c2f62e0e3,0xc14D994fe7C5858c93936cc3bD42bb9467d6fB2C,25077222,1778567063,2026-05-12T06:24:23Z,bridgeNFTsV1,1977,0,0xe5b314fa02f366b136685ef322a91586ef2364de,0x7550c40e188b3da9349c9d7b941a699c2f62e0e3
0xb205dbbf1d41d48dc17c57c2600f89321060d5c17a019a56558e1acb3ecf7ac0,0x7550c40e188b3da9349c9d7b941a699c2f62e0e3,0xc14D994fe7C5858c93936cc3bD42bb9467d6fB2C,25077222,1778567063,2026-05-12T06:24:23Z,bridgeNFTsV1,1984,0,0x97203b7c4699230dedce5841966930b13ba3ec92,0x7550c40e188b3da9349c9d7b941a699c2f62e0e3
