v2_tier,units_stolen,known_stakers_from_old_csv,staker_attribution_complete
10000,12,0x2b564248d8f4fd425f3d01a1c36817deaac159be:1;0xef8104c1f471c1995cb6f7276716e8b38dc1b9a7:1;0xd9fbb755d859c8026aba1b64f71ce97ab594644d:1;0x2771cc14865ca8aaa32e99a30a40c6632c1888a0:1,PARTIAL (4/12)
10001,9,0xef8104c1f471c1995cb6f7276716e8b38dc1b9a7:1;0x37e887ce9f6fd3c9a050332ff20ece27d0f0a8e4:1,PARTIAL (2/9)
10002,8,0x2067bed542762d26e2755ce7d8776728f3429f48:1;0x14cfd6b71163360b2a176ea167c2800b2deb8296:1,PARTIAL (2/8)
10003,6,0xc923dd451dfb1fc6a4608982c6c077414da06a4d:1;0xb80a3488bd3f1c5a2d6fce9b095707ec62172fb5:1,PARTIAL (2/6)
10004,6,0xc923dd451dfb1fc6a4608982c6c077414da06a4d:1;0x2000434e4af84b37c7b7b03b4de039dd1126599c:1;0x1f9c822097a6ede8def937356863e37a18b97278:1;0xe5a3f1e72d1dfa5c361516ac2779e9602106fea6:1,PARTIAL (4/6)
10005,5,0xc923dd451dfb1fc6a4608982c6c077414da06a4d:1;0xe5b314fa02f366b136685ef322a91586ef2364de:1,PARTIAL (2/5)
10006,5,0x81168c14e5a89f60b30e9a7f82a229406a64369d:1;0x38a7d735aca3c939f189a92f41cc1f34da2907d5:1,PARTIAL (2/5)
10007,5,0x0226068ce182ad66482ac08219d41e00eae74aa7:1,PARTIAL (1/5)
10008,7,0xed2c2cdec695be3a4dc421c1a8a6756dc5a927b6:1,PARTIAL (1/7)
10009,7,0x8659e3b0bd269b6e5b712acfb70caf579b25591b:1;0x36ab2c824fcc7e4ec8dc2805bda069d9d8b54c95:1;0xf22cfdd13bf9ab3d7d0e3d3b859fedd3ce08aa09:1;0xf963837cf127d561c8e0c4691ebd5c2e4828c5ee:1,PARTIAL (4/7)
10010,6,0x36ab2c824fcc7e4ec8dc2805bda069d9d8b54c95:1;0x27c27151f9bc6330b767bab8dcada11a253ccb8c:1,PARTIAL (2/6)
10011,5,0xa14964479ebf9cd336011ad80652b08cd83dfe3a:1,PARTIAL (1/5)
10012,6,0x52d4d46e28dc72b1cef2cb8eb5ec75dd12bc4df3:1;0xa14964479ebf9cd336011ad80652b08cd83dfe3a:1;0x97203b7c4699230dedce5841966930b13ba3ec92:1,PARTIAL (3/6)
10013,7,0xb2df747c5d1bdadd6f7e581ade3ad193d6a296f2:1;0xa99e5d5aec0f681f3a2b1dd75e817a31f9b24a0a:1;0xa14964479ebf9cd336011ad80652b08cd83dfe3a:1,PARTIAL (3/7)
10014,4,0xe5e58cf23a648dc2ba89355d76e04dc2869be98d:1;0x69fe2badd12f4515aaf99e3a9956b9ffae56f877:1;0xa14964479ebf9cd336011ad80652b08cd83dfe3a:1,PARTIAL (3/4)
10015,7,0xdf4dd7f972926d7d82b8a3bb3feb5254c368045c:1;0xa14964479ebf9cd336011ad80652b08cd83dfe3a:1;0x88f516c04969f470888473458b5e09342da08b7a:1,PARTIAL (3/7)
10016,8,0x8e9b650b79bd28f324f5b26d6ddba594eb237cdf:1;0x6ec4defaaa028bbee11494baacb9067f083c359f:1;0xa14964479ebf9cd336011ad80652b08cd83dfe3a:1,PARTIAL (3/8)
10017,11,0xd7855ba8a53951b064da7de0d07dae0eed248547:1;0xae72eef2a981dffd9d5964dd0eb669e10ae10957:1;0x392365d5954a9b8bce72cc6b55bc206120145220:1;0x81ae7d3b3101d6f31964d3d7b4c9d2ccc1374892:1;0xa14964479ebf9cd336011ad80652b08cd83dfe3a:1,PARTIAL (5/11)
10018,8,0x13c03641c376bbd2113e7fdd02e92d0bbef72511:1;0xae72eef2a981dffd9d5964dd0eb669e10ae10957:1;0x392365d5954a9b8bce72cc6b55bc206120145220:1;0x6b67623ff56c10d9dcfc2152425f90285fc74ddd:1;0xa14964479ebf9cd336011ad80652b08cd83dfe3a:1;0x79fb7badd5efd97b8d68f17a09b61d45b6699df6:1,PARTIAL (6/8)
10019,7,0xae72eef2a981dffd9d5964dd0eb669e10ae10957:1;0xea459a5aa7e52f0493eda1faae0b862c51bf40b9:1;0x94386491b7d1506ea9d29d4545f619db0e697986:1;0xe33931ff58cfc8c828988e881f27a4b034eadd84:1;0xa14964479ebf9cd336011ad80652b08cd83dfe3a:1,PARTIAL (5/7)
10020,6,0xfc1f931ab692f366b65ef42a6cd0d8d65e40f841:1;0xa14964479ebf9cd336011ad80652b08cd83dfe3a:1,PARTIAL (2/6)
10021,8,0xad4489f64a8be791294116d3e99d2721c7f0a72a:1;0xaa0905af0276de5ded9d425a8d4013b861c661a1:1;0xa14964479ebf9cd336011ad80652b08cd83dfe3a:1,PARTIAL (3/8)
10022,11,0x4ad7fe5bf17d62ee3de0d4dd9496a7cd53c98225:1;0xaaac34d30d6938787c653aafb922bc20bfa9c512:1;0x67de64113d7b412d1e853ed66dfb7eaf7047d093:1;0x480730d281b4739da8a760c26d4a10f0ca61b8ac:1;0xa14964479ebf9cd336011ad80652b08cd83dfe3a:1,PARTIAL (5/11)
10023,8,0x67de64113d7b412d1e853ed66dfb7eaf7047d093:1;0x480730d281b4739da8a760c26d4a10f0ca61b8ac:1;0xa14964479ebf9cd336011ad80652b08cd83dfe3a:1,PARTIAL (3/8)
10024,9,0x61e193e514de408f57a648a641d9fcd412cded82:1;0x8dc4310f20d59ba458b76a62141697717f93fa41:1,PARTIAL (2/9)
10025,7,0x61e193e514de408f57a648a641d9fcd412cded82:1;0xbfa62bafbe913971f9bd35ecf4c0f2ac2d7bd2dd:1;0x9d387ab7ff693c1c26c59c3a912678b58368e9e5:1,PARTIAL (3/7)
10026,4,0xcf9bb70b2f1accb846e8b0c665a1ab5d5d35ca05:1,PARTIAL (1/4)
10027,7,UNKNOWN,PARTIAL (0/7)
10028,6,0xb6605f98a5562b1ac821bc5f2b75934239e8c6d6:1;0x70be2bfe60d875faad5922f2379af1a0afc8e754:1;0x280ded1b7e430bed0cbb0aace452fd2adef2b581:1,PARTIAL (3/6)
10029,7,0xb6605f98a5562b1ac821bc5f2b75934239e8c6d6:1;0xb78afc3695870310e7c337afba7925308c1d946f:1,PARTIAL (2/7)
10030,9,0x28aee851e7b65a46b71de302cffeeb2c557847c6:1;0x2dbc54d6993a1db9be6431292036641ec73e8c70:1;0xb78afc3695870310e7c337afba7925308c1d946f:1;0x9dc9d9d428cd616a292a913ceb31557b6f2882c7:1,PARTIAL (4/9)
10031,7,0x28aee851e7b65a46b71de302cffeeb2c557847c6:1;0x340efe9bb2383d463313e7d988ddea6b52b27b0b:1;0x5d6a0c304097e0ef19291f57fd63d5151dc1fdb0:1;0xb78afc3695870310e7c337afba7925308c1d946f:1,PARTIAL (4/7)
10032,7,0xcc202930867769a83b61cf5053b65d1845e76aea:1,PARTIAL (1/7)
10033,5,0xef8104c1f471c1995cb6f7276716e8b38dc1b9a7:1;0xcc202930867769a83b61cf5053b65d1845e76aea:1,PARTIAL (2/5)
20000,1,UNKNOWN,PARTIAL (0/1)
20005,1,0x81168c14e5a89f60b30e9a7f82a229406a64369d:1,YES
20007,2,0x35e14b0722dc1a81893ff8f7f99f931aca5b2d25:1,PARTIAL (1/2)
20008,1,UNKNOWN,PARTIAL (0/1)
20011,1,0x9dc9d9d428cd616a292a913ceb31557b6f2882c7:1,YES
20016,2,0xcc8bd74382cd27c8fa9ea2b4281592cdb2042cb0:1,PARTIAL (1/2)
20017,1,0x13c03641c376bbd2113e7fdd02e92d0bbef72511:1,YES
20019,1,0xf2855ef7c734ec1f965915daafe668450e4b8212:1,YES
20028,1,0xb6605f98a5562b1ac821bc5f2b75934239e8c6d6:1,YES
20029,1,0xb6605f98a5562b1ac821bc5f2b75934239e8c6d6:1,YES
20030,1,UNKNOWN,PARTIAL (0/1)
20031,1,UNKNOWN,PARTIAL (0/1)
20033,2,0xcaa16004955f05599c7cf215aa271a4f3544d6d2:1,PARTIAL (1/2)
20037,1,0xc54bd1f466f2f4f36de59f4024e86885386d6f1b:1,YES
20040,1,0x2fd9abb389214cd5fe9493355641229428cc5fec:1,YES
20042,1,UNKNOWN,PARTIAL (0/1)
20043,1,UNKNOWN,PARTIAL (0/1)
20044,2,0x0226068ce182ad66482ac08219d41e00eae74aa7:1,PARTIAL (1/2)
20045,2,0xf1e26c020a084e77a4931fee4c997a2b064566fc:1;0x297946c26171008ba8c0e5642814b5fe6b842ab7:1,YES
20050,1,0x6df653585c59900d3da22da41bf932edfdac144d:1,YES
20052,1,0xf5dcb2a47f738d8ba39f9fa2ddc7592f268a262a:1,YES
20057,1,0x6ec4defaaa028bbee11494baacb9067f083c359f:1,YES
20060,1,0x28aee851e7b65a46b71de302cffeeb2c557847c6:1,YES
20061,1,UNKNOWN,PARTIAL (0/1)
20062,1,UNKNOWN,PARTIAL (0/1)
30002,1,0x97944e369a1af4040816f157134edca8e9f82ecd:1,YES
30004,1,0xed2c2cdec695be3a4dc421c1a8a6756dc5a927b6:1,YES
30006,1,UNKNOWN,PARTIAL (0/1)
30008,1,UNKNOWN,PARTIAL (0/1)
30010,3,0x28aee851e7b65a46b71de302cffeeb2c557847c6:1,PARTIAL (1/3)
30020,1,0x0fe5e887dae7a24836a192622fb84ce7b97ac306:1,YES
30021,1,0x35e14b0722dc1a81893ff8f7f99f931aca5b2d25:1,YES
30022,1,0x35e14b0722dc1a81893ff8f7f99f931aca5b2d25:1,YES
30023,1,0x35e14b0722dc1a81893ff8f7f99f931aca5b2d25:1,YES
30031,1,0xa14964479ebf9cd336011ad80652b08cd83dfe3a:1,YES
30032,1,0xa14964479ebf9cd336011ad80652b08cd83dfe3a:1,YES
30034,1,0x33b4c240c7a3af3e5365ebb2cda44bad82e4878e:1,YES
30036,1,UNKNOWN,PARTIAL (0/1)
30037,1,UNKNOWN,PARTIAL (0/1)
30040,1,UNKNOWN,PARTIAL (0/1)
30043,1,0xa92be7f728ef585851212b1ceb318b8a2fbacc96:1,YES
30050,1,UNKNOWN,PARTIAL (0/1)
30061,1,0x6ec4defaaa028bbee11494baacb9067f083c359f:1,YES
40000,24,0x50f27cdb650879a41fb07038bf2b818845c20e17:1;0xa7d7ac8fe7e8693b5599c69cc7d4f6226677845b:1;0x57fcf904efc785e098676922d406e64a4e0e7ea2:20,PARTIAL (22/24)
60001,2,UNKNOWN,PARTIAL (0/2)
