v2_tier,current_holder,holder_type,units_received,units_held_now,status
10000,0x69ad4cbd248eb1839fe78c11f6a7a04b528ef8cd,first-hop recipient,4,0,ON-SOLD/MOVED
10000,0xa37e105acc179d8251845e929ea6b9be6a5e7ea2,first-hop recipient,2,2,HELD
10000,0xbe7498c9b9afb92f6b9f4a06cd0fbcb4d1542253,first-hop recipient,6,0,ON-SOLD/MOVED
10001,0x03a7c8b9fc330a8980b20adb0a80a2f7913efb19,first-hop recipient,1,2,HELD
10001,0xa56d424ceb11d1f3c55e5cc0ab0911f2aa9926f2,first-hop recipient,6,6,HELD
10001,0xbe7498c9b9afb92f6b9f4a06cd0fbcb4d1542253,first-hop recipient,2,0,ON-SOLD/MOVED
10002,0x69ad4cbd248eb1839fe78c11f6a7a04b528ef8cd,first-hop recipient,5,0,ON-SOLD/MOVED
10002,0xa56d424ceb11d1f3c55e5cc0ab0911f2aa9926f2,first-hop recipient,1,7,HELD
10002,0xbe7498c9b9afb92f6b9f4a06cd0fbcb4d1542253,first-hop recipient,1,0,ON-SOLD/MOVED
10002,0xd2ab77a10cab66433c167e9aa4cc3178fe133def,first-hop recipient,1,1,HELD
10003,0xa56d424ceb11d1f3c55e5cc0ab0911f2aa9926f2,first-hop recipient,5,5,HELD
10003,0xbe7498c9b9afb92f6b9f4a06cd0fbcb4d1542253,first-hop recipient,1,0,ON-SOLD/MOVED
10004,0xa56d424ceb11d1f3c55e5cc0ab0911f2aa9926f2,first-hop recipient,6,8,HELD
10005,0x69ad4cbd248eb1839fe78c11f6a7a04b528ef8cd,first-hop recipient,3,0,ON-SOLD/MOVED
10005,0xbe7498c9b9afb92f6b9f4a06cd0fbcb4d1542253,first-hop recipient,2,0,ON-SOLD/MOVED
10006,0xa56d424ceb11d1f3c55e5cc0ab0911f2aa9926f2,first-hop recipient,5,5,HELD
10007,0xa56d424ceb11d1f3c55e5cc0ab0911f2aa9926f2,first-hop recipient,4,12,HELD
10007,0xbe7498c9b9afb92f6b9f4a06cd0fbcb4d1542253,first-hop recipient,1,0,ON-SOLD/MOVED
10008,0xa56d424ceb11d1f3c55e5cc0ab0911f2aa9926f2,first-hop recipient,1,2,HELD
10008,0xbe7498c9b9afb92f6b9f4a06cd0fbcb4d1542253,first-hop recipient,6,0,ON-SOLD/MOVED
10009,0xa56d424ceb11d1f3c55e5cc0ab0911f2aa9926f2,first-hop recipient,1,1,HELD
10009,0xbe7498c9b9afb92f6b9f4a06cd0fbcb4d1542253,first-hop recipient,6,0,ON-SOLD/MOVED
10010,0x03a7c8b9fc330a8980b20adb0a80a2f7913efb19,first-hop recipient,1,2,HELD
10010,0x69ad4cbd248eb1839fe78c11f6a7a04b528ef8cd,first-hop recipient,4,0,ON-SOLD/MOVED
10010,0xbe7498c9b9afb92f6b9f4a06cd0fbcb4d1542253,first-hop recipient,1,0,ON-SOLD/MOVED
10011,0xa37e105acc179d8251845e929ea6b9be6a5e7ea2,first-hop recipient,2,2,HELD
10011,0xa56d424ceb11d1f3c55e5cc0ab0911f2aa9926f2,first-hop recipient,3,3,HELD
10012,0x03a7c8b9fc330a8980b20adb0a80a2f7913efb19,first-hop recipient,1,2,HELD
10012,0x69ad4cbd248eb1839fe78c11f6a7a04b528ef8cd,first-hop recipient,4,0,ON-SOLD/MOVED
10012,0xbe7498c9b9afb92f6b9f4a06cd0fbcb4d1542253,first-hop recipient,1,0,ON-SOLD/MOVED
10013,0x22f679716aaf45311cf6fc75478cced38c6be498,first-hop recipient,3,0,ON-SOLD/MOVED
10013,0xa37e105acc179d8251845e929ea6b9be6a5e7ea2,first-hop recipient,1,1,HELD
10013,0xa56d424ceb11d1f3c55e5cc0ab0911f2aa9926f2,first-hop recipient,1,3,HELD
10013,0xbe7498c9b9afb92f6b9f4a06cd0fbcb4d1542253,first-hop recipient,2,0,ON-SOLD/MOVED
10014,0x03a7c8b9fc330a8980b20adb0a80a2f7913efb19,first-hop recipient,1,1,HELD
10014,0x69ad4cbd248eb1839fe78c11f6a7a04b528ef8cd,first-hop recipient,2,0,ON-SOLD/MOVED
10014,0xbe7498c9b9afb92f6b9f4a06cd0fbcb4d1542253,first-hop recipient,1,0,ON-SOLD/MOVED
10015,0x69ad4cbd248eb1839fe78c11f6a7a04b528ef8cd,first-hop recipient,5,0,ON-SOLD/MOVED
10015,0xbe7498c9b9afb92f6b9f4a06cd0fbcb4d1542253,first-hop recipient,2,0,ON-SOLD/MOVED
10016,0xa56d424ceb11d1f3c55e5cc0ab0911f2aa9926f2,first-hop recipient,7,8,HELD
10016,0xbe7498c9b9afb92f6b9f4a06cd0fbcb4d1542253,first-hop recipient,1,0,ON-SOLD/MOVED
10017,0xa56d424ceb11d1f3c55e5cc0ab0911f2aa9926f2,first-hop recipient,8,10,HELD
10017,0xbe7498c9b9afb92f6b9f4a06cd0fbcb4d1542253,first-hop recipient,1,0,ON-SOLD/MOVED
10017,0xc4dd52892e4a18500379987a7800b5204d0d58e6,first-hop recipient,2,0,ON-SOLD/MOVED
10018,0x03a7c8b9fc330a8980b20adb0a80a2f7913efb19,first-hop recipient,1,2,HELD
10018,0x69ad4cbd248eb1839fe78c11f6a7a04b528ef8cd,first-hop recipient,5,0,ON-SOLD/MOVED
10018,0xbe7498c9b9afb92f6b9f4a06cd0fbcb4d1542253,first-hop recipient,2,0,ON-SOLD/MOVED
10019,0x69ad4cbd248eb1839fe78c11f6a7a04b528ef8cd,first-hop recipient,5,0,ON-SOLD/MOVED
10019,0xa56d424ceb11d1f3c55e5cc0ab0911f2aa9926f2,first-hop recipient,1,6,HELD
10019,0xbe7498c9b9afb92f6b9f4a06cd0fbcb4d1542253,first-hop recipient,1,0,ON-SOLD/MOVED
10020,0x7550c40e188b3da9349c9d7b941a699c2f62e0e3,attacker,6,6,HELD
10021,0x69ad4cbd248eb1839fe78c11f6a7a04b528ef8cd,first-hop recipient,5,0,ON-SOLD/MOVED
10021,0xbe7498c9b9afb92f6b9f4a06cd0fbcb4d1542253,first-hop recipient,3,0,ON-SOLD/MOVED
10022,0x69ad4cbd248eb1839fe78c11f6a7a04b528ef8cd,first-hop recipient,6,0,ON-SOLD/MOVED
10022,0xa56d424ceb11d1f3c55e5cc0ab0911f2aa9926f2,first-hop recipient,1,8,HELD
10022,0xbe7498c9b9afb92f6b9f4a06cd0fbcb4d1542253,first-hop recipient,4,0,ON-SOLD/MOVED
10023,0x69ad4cbd248eb1839fe78c11f6a7a04b528ef8cd,first-hop recipient,6,0,ON-SOLD/MOVED
10023,0xa56d424ceb11d1f3c55e5cc0ab0911f2aa9926f2,first-hop recipient,1,12,HELD
10023,0xbe7498c9b9afb92f6b9f4a06cd0fbcb4d1542253,first-hop recipient,1,0,ON-SOLD/MOVED
10024,0x69ad4cbd248eb1839fe78c11f6a7a04b528ef8cd,first-hop recipient,5,0,ON-SOLD/MOVED
10024,0xa56d424ceb11d1f3c55e5cc0ab0911f2aa9926f2,first-hop recipient,1,6,HELD
10024,0xbe7498c9b9afb92f6b9f4a06cd0fbcb4d1542253,first-hop recipient,2,0,ON-SOLD/MOVED
10024,0xd2ab77a10cab66433c167e9aa4cc3178fe133def,first-hop recipient,1,1,HELD
10025,0x03a7c8b9fc330a8980b20adb0a80a2f7913efb19,first-hop recipient,1,2,HELD
10025,0x69ad4cbd248eb1839fe78c11f6a7a04b528ef8cd,first-hop recipient,5,0,ON-SOLD/MOVED
10025,0xbe7498c9b9afb92f6b9f4a06cd0fbcb4d1542253,first-hop recipient,1,0,ON-SOLD/MOVED
10026,0x69ad4cbd248eb1839fe78c11f6a7a04b528ef8cd,first-hop recipient,3,0,ON-SOLD/MOVED
10026,0xbe7498c9b9afb92f6b9f4a06cd0fbcb4d1542253,first-hop recipient,1,0,ON-SOLD/MOVED
10027,0x69ad4cbd248eb1839fe78c11f6a7a04b528ef8cd,first-hop recipient,6,0,ON-SOLD/MOVED
10027,0xbe7498c9b9afb92f6b9f4a06cd0fbcb4d1542253,first-hop recipient,1,0,ON-SOLD/MOVED
10028,0xa56d424ceb11d1f3c55e5cc0ab0911f2aa9926f2,first-hop recipient,5,6,HELD
10028,0xbe7498c9b9afb92f6b9f4a06cd0fbcb4d1542253,first-hop recipient,1,0,ON-SOLD/MOVED
10029,0xa56d424ceb11d1f3c55e5cc0ab0911f2aa9926f2,first-hop recipient,6,6,HELD
10029,0xbe7498c9b9afb92f6b9f4a06cd0fbcb4d1542253,first-hop recipient,1,0,ON-SOLD/MOVED
10030,0x69ad4cbd248eb1839fe78c11f6a7a04b528ef8cd,first-hop recipient,8,0,ON-SOLD/MOVED
10030,0xbe7498c9b9afb92f6b9f4a06cd0fbcb4d1542253,first-hop recipient,1,0,ON-SOLD/MOVED
10031,0x89f690bdf5e6d838cb0d4cd4c3a8eb538dc5fdac,first-hop recipient,6,6,HELD
10031,0xa56d424ceb11d1f3c55e5cc0ab0911f2aa9926f2,first-hop recipient,1,2,HELD
10032,0x69ad4cbd248eb1839fe78c11f6a7a04b528ef8cd,first-hop recipient,5,0,ON-SOLD/MOVED
10032,0xa56d424ceb11d1f3c55e5cc0ab0911f2aa9926f2,first-hop recipient,1,6,HELD
10032,0xbe7498c9b9afb92f6b9f4a06cd0fbcb4d1542253,first-hop recipient,1,0,ON-SOLD/MOVED
10033,0x69ad4cbd248eb1839fe78c11f6a7a04b528ef8cd,first-hop recipient,2,0,ON-SOLD/MOVED
10033,0xa56d424ceb11d1f3c55e5cc0ab0911f2aa9926f2,first-hop recipient,1,5,HELD
10033,0xbe7498c9b9afb92f6b9f4a06cd0fbcb4d1542253,first-hop recipient,1,0,ON-SOLD/MOVED
10033,0xd2ab77a10cab66433c167e9aa4cc3178fe133def,first-hop recipient,1,1,HELD
20000,0xa56d424ceb11d1f3c55e5cc0ab0911f2aa9926f2,first-hop recipient,1,1,HELD
20005,0xbe7498c9b9afb92f6b9f4a06cd0fbcb4d1542253,first-hop recipient,1,0,ON-SOLD/MOVED
20007,0x69ad4cbd248eb1839fe78c11f6a7a04b528ef8cd,first-hop recipient,1,0,ON-SOLD/MOVED
20007,0xbe7498c9b9afb92f6b9f4a06cd0fbcb4d1542253,first-hop recipient,1,0,ON-SOLD/MOVED
20008,0xbe7498c9b9afb92f6b9f4a06cd0fbcb4d1542253,first-hop recipient,1,0,ON-SOLD/MOVED
20011,0x69ad4cbd248eb1839fe78c11f6a7a04b528ef8cd,first-hop recipient,1,0,ON-SOLD/MOVED
20016,0x03a7c8b9fc330a8980b20adb0a80a2f7913efb19,first-hop recipient,1,0,ON-SOLD/MOVED
20016,0xbe7498c9b9afb92f6b9f4a06cd0fbcb4d1542253,first-hop recipient,1,0,ON-SOLD/MOVED
20017,0xbe7498c9b9afb92f6b9f4a06cd0fbcb4d1542253,first-hop recipient,1,0,ON-SOLD/MOVED
20019,0xa56d424ceb11d1f3c55e5cc0ab0911f2aa9926f2,first-hop recipient,1,1,HELD
20028,0xbe7498c9b9afb92f6b9f4a06cd0fbcb4d1542253,first-hop recipient,1,0,ON-SOLD/MOVED
20029,0x2d1d94a02165b135c74dbb107bdc2e9d9d5a6d58,first-hop recipient,1,0,ON-SOLD/MOVED
20030,0xbe7498c9b9afb92f6b9f4a06cd0fbcb4d1542253,first-hop recipient,1,0,ON-SOLD/MOVED
20031,0xbe7498c9b9afb92f6b9f4a06cd0fbcb4d1542253,first-hop recipient,1,0,ON-SOLD/MOVED
20033,0xa56d424ceb11d1f3c55e5cc0ab0911f2aa9926f2,first-hop recipient,1,1,HELD
20033,0xbe7498c9b9afb92f6b9f4a06cd0fbcb4d1542253,first-hop recipient,1,0,ON-SOLD/MOVED
20037,0x69ad4cbd248eb1839fe78c11f6a7a04b528ef8cd,first-hop recipient,1,0,ON-SOLD/MOVED
20040,0xbe7498c9b9afb92f6b9f4a06cd0fbcb4d1542253,first-hop recipient,1,0,ON-SOLD/MOVED
20042,0x69ad4cbd248eb1839fe78c11f6a7a04b528ef8cd,first-hop recipient,1,0,ON-SOLD/MOVED
20043,0xbe7498c9b9afb92f6b9f4a06cd0fbcb4d1542253,first-hop recipient,1,0,ON-SOLD/MOVED
20044,0x03a7c8b9fc330a8980b20adb0a80a2f7913efb19,first-hop recipient,1,0,ON-SOLD/MOVED
20044,0xbe7498c9b9afb92f6b9f4a06cd0fbcb4d1542253,first-hop recipient,1,0,ON-SOLD/MOVED
20045,0xbe7498c9b9afb92f6b9f4a06cd0fbcb4d1542253,first-hop recipient,2,0,ON-SOLD/MOVED
20050,0xbe7498c9b9afb92f6b9f4a06cd0fbcb4d1542253,first-hop recipient,1,0,ON-SOLD/MOVED
20052,0xa56d424ceb11d1f3c55e5cc0ab0911f2aa9926f2,first-hop recipient,1,2,HELD
20057,0x69ad4cbd248eb1839fe78c11f6a7a04b528ef8cd,first-hop recipient,1,0,ON-SOLD/MOVED
20060,0x69ad4cbd248eb1839fe78c11f6a7a04b528ef8cd,first-hop recipient,1,0,ON-SOLD/MOVED
20061,0x69ad4cbd248eb1839fe78c11f6a7a04b528ef8cd,first-hop recipient,1,0,ON-SOLD/MOVED
20062,0xbe7498c9b9afb92f6b9f4a06cd0fbcb4d1542253,first-hop recipient,1,0,ON-SOLD/MOVED
30002,0x2d1d94a02165b135c74dbb107bdc2e9d9d5a6d58,first-hop recipient,1,0,ON-SOLD/MOVED
30004,0xbe7498c9b9afb92f6b9f4a06cd0fbcb4d1542253,first-hop recipient,1,0,ON-SOLD/MOVED
30006,0xbe7498c9b9afb92f6b9f4a06cd0fbcb4d1542253,first-hop recipient,1,0,ON-SOLD/MOVED
30008,0xbe7498c9b9afb92f6b9f4a06cd0fbcb4d1542253,first-hop recipient,1,0,ON-SOLD/MOVED
30010,0xbe7498c9b9afb92f6b9f4a06cd0fbcb4d1542253,first-hop recipient,3,0,ON-SOLD/MOVED
30020,0x7550c40e188b3da9349c9d7b941a699c2f62e0e3,attacker,1,1,HELD
30021,0x025750699c6cf25b6a405af39464c9805faed324,first-hop recipient,1,0,ON-SOLD/MOVED
30022,0xbe7498c9b9afb92f6b9f4a06cd0fbcb4d1542253,first-hop recipient,1,0,ON-SOLD/MOVED
30023,0x69ad4cbd248eb1839fe78c11f6a7a04b528ef8cd,first-hop recipient,1,0,ON-SOLD/MOVED
30031,0xbe7498c9b9afb92f6b9f4a06cd0fbcb4d1542253,first-hop recipient,1,0,ON-SOLD/MOVED
30032,0x2d1d94a02165b135c74dbb107bdc2e9d9d5a6d58,first-hop recipient,1,0,ON-SOLD/MOVED
30034,0xbe7498c9b9afb92f6b9f4a06cd0fbcb4d1542253,first-hop recipient,1,0,ON-SOLD/MOVED
30036,0x7550c40e188b3da9349c9d7b941a699c2f62e0e3,attacker,1,1,HELD
30037,0xbe7498c9b9afb92f6b9f4a06cd0fbcb4d1542253,first-hop recipient,1,0,ON-SOLD/MOVED
30040,0xbe7498c9b9afb92f6b9f4a06cd0fbcb4d1542253,first-hop recipient,1,0,ON-SOLD/MOVED
30043,0x2d1d94a02165b135c74dbb107bdc2e9d9d5a6d58,first-hop recipient,1,0,ON-SOLD/MOVED
30050,0xbe7498c9b9afb92f6b9f4a06cd0fbcb4d1542253,first-hop recipient,1,0,ON-SOLD/MOVED
30061,0xa56d424ceb11d1f3c55e5cc0ab0911f2aa9926f2,first-hop recipient,1,0,ON-SOLD/MOVED
40000,0x7550c40e188b3da9349c9d7b941a699c2f62e0e3,attacker,24,24,HELD
60001,0xa56d424ceb11d1f3c55e5cc0ab0911f2aa9926f2,first-hop recipient,1,1,HELD
60001,0xbe7498c9b9afb92f6b9f4a06cd0fbcb4d1542253,first-hop recipient,1,0,ON-SOLD/MOVED
