original_staker,v2_tier,units_owed
0x28aee851e7b65a46b71de302cffeeb2c557847c6,10006,1
0x28aee851e7b65a46b71de302cffeeb2c557847c6,10007,1
0x28aee851e7b65a46b71de302cffeeb2c557847c6,10008,1
0x28aee851e7b65a46b71de302cffeeb2c557847c6,10009,1
0x28aee851e7b65a46b71de302cffeeb2c557847c6,10010,1
0x28aee851e7b65a46b71de302cffeeb2c557847c6,10011,1
0x28aee851e7b65a46b71de302cffeeb2c557847c6,10012,1
0x28aee851e7b65a46b71de302cffeeb2c557847c6,10013,1
0x28aee851e7b65a46b71de302cffeeb2c557847c6,10014,1
0x28aee851e7b65a46b71de302cffeeb2c557847c6,10015,1
0x28aee851e7b65a46b71de302cffeeb2c557847c6,10016,1
0x28aee851e7b65a46b71de302cffeeb2c557847c6,10017,1
0x28aee851e7b65a46b71de302cffeeb2c557847c6,10018,1
0x28aee851e7b65a46b71de302cffeeb2c557847c6,10019,1
0x28aee851e7b65a46b71de302cffeeb2c557847c6,10020,1
0x28aee851e7b65a46b71de302cffeeb2c557847c6,10021,1
0x28aee851e7b65a46b71de302cffeeb2c557847c6,10022,1
0x28aee851e7b65a46b71de302cffeeb2c557847c6,10023,1
0x28aee851e7b65a46b71de302cffeeb2c557847c6,10024,1
0x28aee851e7b65a46b71de302cffeeb2c557847c6,10025,1
0x28aee851e7b65a46b71de302cffeeb2c557847c6,10026,1
0x28aee851e7b65a46b71de302cffeeb2c557847c6,10027,1
0x28aee851e7b65a46b71de302cffeeb2c557847c6,10028,1
0x28aee851e7b65a46b71de302cffeeb2c557847c6,10029,1
0x28aee851e7b65a46b71de302cffeeb2c557847c6,10030,1
0x28aee851e7b65a46b71de302cffeeb2c557847c6,10031,1
0x28aee851e7b65a46b71de302cffeeb2c557847c6,20060,1
0x28aee851e7b65a46b71de302cffeeb2c557847c6,30010,1
0x57fcf904efc785e098676922d406e64a4e0e7ea2,10013,1
0x57fcf904efc785e098676922d406e64a4e0e7ea2,40000,20
0x57fcf904efc785e098676922d406e64a4e0e7ea2,60001,1
0xa14964479ebf9cd336011ad80652b08cd83dfe3a,10011,1
0xa14964479ebf9cd336011ad80652b08cd83dfe3a,10012,1
0xa14964479ebf9cd336011ad80652b08cd83dfe3a,10013,1
0xa14964479ebf9cd336011ad80652b08cd83dfe3a,10014,1
0xa14964479ebf9cd336011ad80652b08cd83dfe3a,10015,1
0xa14964479ebf9cd336011ad80652b08cd83dfe3a,10016,1
0xa14964479ebf9cd336011ad80652b08cd83dfe3a,10017,1
0xa14964479ebf9cd336011ad80652b08cd83dfe3a,10018,1
0xa14964479ebf9cd336011ad80652b08cd83dfe3a,10019,1
0xa14964479ebf9cd336011ad80652b08cd83dfe3a,10020,1
0xa14964479ebf9cd336011ad80652b08cd83dfe3a,10021,1
0xa14964479ebf9cd336011ad80652b08cd83dfe3a,10022,1
0xa14964479ebf9cd336011ad80652b08cd83dfe3a,10023,1
0xa14964479ebf9cd336011ad80652b08cd83dfe3a,30031,1
0xa14964479ebf9cd336011ad80652b08cd83dfe3a,30032,1
0x0eb96d5ec478b68ff0d48628ab4df6a63c21ddaa,10000,1
0x0eb96d5ec478b68ff0d48628ab4df6a63c21ddaa,10001,1
0x0eb96d5ec478b68ff0d48628ab4df6a63c21ddaa,10026,1
0x0eb96d5ec478b68ff0d48628ab4df6a63c21ddaa,10027,1
0x0eb96d5ec478b68ff0d48628ab4df6a63c21ddaa,10028,1
0x0eb96d5ec478b68ff0d48628ab4df6a63c21ddaa,10029,1
0x0eb96d5ec478b68ff0d48628ab4df6a63c21ddaa,10030,1
0x0eb96d5ec478b68ff0d48628ab4df6a63c21ddaa,10031,1
0x0eb96d5ec478b68ff0d48628ab4df6a63c21ddaa,10032,1
0x0eb96d5ec478b68ff0d48628ab4df6a63c21ddaa,10033,1
0x0eb96d5ec478b68ff0d48628ab4df6a63c21ddaa,20030,1
0x0eb96d5ec478b68ff0d48628ab4df6a63c21ddaa,20031,1
0x0eb96d5ec478b68ff0d48628ab4df6a63c21ddaa,30050,1
0x16abea6bf03a8a90204632a0c7e8188064b0a1ce,10020,1
0x16abea6bf03a8a90204632a0c7e8188064b0a1ce,10021,1
0x16abea6bf03a8a90204632a0c7e8188064b0a1ce,10022,1
0x16abea6bf03a8a90204632a0c7e8188064b0a1ce,10023,1
0x16abea6bf03a8a90204632a0c7e8188064b0a1ce,10024,1
0x16abea6bf03a8a90204632a0c7e8188064b0a1ce,10025,1
0x20cc956a257c658d7f86873cf31b68dd6a16fa74,10002,1
0x20cc956a257c658d7f86873cf31b68dd6a16fa74,10003,1
0x20cc956a257c658d7f86873cf31b68dd6a16fa74,10004,1
0x20cc956a257c658d7f86873cf31b68dd6a16fa74,10005,1
0x20cc956a257c658d7f86873cf31b68dd6a16fa74,10006,1
0x8e4e9de7eb20a9dcf2ae387df2ab59f79bb6ebfb,10020,1
0x8e4e9de7eb20a9dcf2ae387df2ab59f79bb6ebfb,10021,1
0x8e4e9de7eb20a9dcf2ae387df2ab59f79bb6ebfb,10022,1
0x8e4e9de7eb20a9dcf2ae387df2ab59f79bb6ebfb,10023,1
0x8e4e9de7eb20a9dcf2ae387df2ab59f79bb6ebfb,10024,1
0xe3f892174190b3f0fa502eb84c8208c7c0998c50,10029,1
0xe3f892174190b3f0fa502eb84c8208c7c0998c50,10030,1
0xe3f892174190b3f0fa502eb84c8208c7c0998c50,10031,1
0xe3f892174190b3f0fa502eb84c8208c7c0998c50,10032,1
0xe3f892174190b3f0fa502eb84c8208c7c0998c50,10033,1
0x35e14b0722dc1a81893ff8f7f99f931aca5b2d25,20007,1
0x35e14b0722dc1a81893ff8f7f99f931aca5b2d25,30021,1
0x35e14b0722dc1a81893ff8f7f99f931aca5b2d25,30022,1
0x35e14b0722dc1a81893ff8f7f99f931aca5b2d25,30023,1
0xb6605f98a5562b1ac821bc5f2b75934239e8c6d6,10028,1
0xb6605f98a5562b1ac821bc5f2b75934239e8c6d6,10029,1
0xb6605f98a5562b1ac821bc5f2b75934239e8c6d6,20028,1
0xb6605f98a5562b1ac821bc5f2b75934239e8c6d6,20029,1
0xf38a506cd35da2b6c1cb30975d9bc22c531dc5a0,10000,1
0xf38a506cd35da2b6c1cb30975d9bc22c531dc5a0,10001,1
0xf38a506cd35da2b6c1cb30975d9bc22c531dc5a0,10002,1
0xf38a506cd35da2b6c1cb30975d9bc22c531dc5a0,10003,1
0x46847c1be6ccf8cb2510a88896559152ae11e83f,10000,1
0x46847c1be6ccf8cb2510a88896559152ae11e83f,10001,1
0x46847c1be6ccf8cb2510a88896559152ae11e83f,10002,1
0x46847c1be6ccf8cb2510a88896559152ae11e83f,20061,1
0xcc202930867769a83b61cf5053b65d1845e76aea,10000,1
0xcc202930867769a83b61cf5053b65d1845e76aea,10032,1
0xcc202930867769a83b61cf5053b65d1845e76aea,10033,1
0xb78afc3695870310e7c337afba7925308c1d946f,10029,1
0xb78afc3695870310e7c337afba7925308c1d946f,10030,1
0xb78afc3695870310e7c337afba7925308c1d946f,10031,1
0xc923dd451dfb1fc6a4608982c6c077414da06a4d,10003,1
0xc923dd451dfb1fc6a4608982c6c077414da06a4d,10004,1
0xc923dd451dfb1fc6a4608982c6c077414da06a4d,10005,1
0x8e9b650b79bd28f324f5b26d6ddba594eb237cdf,10016,1
0x8e9b650b79bd28f324f5b26d6ddba594eb237cdf,10026,1
0x8e9b650b79bd28f324f5b26d6ddba594eb237cdf,10027,1
0x7d501ac2f75b01e132e667f124be8acf1ce546d4,10001,1
0x7d501ac2f75b01e132e667f124be8acf1ce546d4,10002,1
0x7d501ac2f75b01e132e667f124be8acf1ce546d4,10003,1
0x6ec4defaaa028bbee11494baacb9067f083c359f,10016,1
0x6ec4defaaa028bbee11494baacb9067f083c359f,20057,1
0x6ec4defaaa028bbee11494baacb9067f083c359f,30061,1
0xae72eef2a981dffd9d5964dd0eb669e10ae10957,10017,1
0xae72eef2a981dffd9d5964dd0eb669e10ae10957,10018,1
0xae72eef2a981dffd9d5964dd0eb669e10ae10957,10019,1
0xea459a5aa7e52f0493eda1faae0b862c51bf40b9,10008,1
0xea459a5aa7e52f0493eda1faae0b862c51bf40b9,10019,1
0xea459a5aa7e52f0493eda1faae0b862c51bf40b9,10032,1
0xb989c3717405569398750983ad5934308759287e,10021,1
0xb989c3717405569398750983ad5934308759287e,20008,1
0xb989c3717405569398750983ad5934308759287e,30037,1
0xef8104c1f471c1995cb6f7276716e8b38dc1b9a7,10000,1
0xef8104c1f471c1995cb6f7276716e8b38dc1b9a7,10001,1
0xef8104c1f471c1995cb6f7276716e8b38dc1b9a7,10033,1
0x4ebf55228579df2eb6ba59ded18c13f3891f39fe,10011,1
0x4ebf55228579df2eb6ba59ded18c13f3891f39fe,20062,1
0x9dc9d9d428cd616a292a913ceb31557b6f2882c7,10030,1
0x9dc9d9d428cd616a292a913ceb31557b6f2882c7,20011,1
0x0226068ce182ad66482ac08219d41e00eae74aa7,10007,1
0x0226068ce182ad66482ac08219d41e00eae74aa7,20044,1
0xdca0133f7902a199ff07b32ede0b7a03907053c2,20042,1
0xdca0133f7902a199ff07b32ede0b7a03907053c2,20043,1
0x4c0dc41e82a9da9162be29b379687c648aee4388,10016,1
0x4c0dc41e82a9da9162be29b379687c648aee4388,10017,1
0xda65e2cf7d9625c6bf95b0216404ee1279870c52,10013,1
0xda65e2cf7d9625c6bf95b0216404ee1279870c52,10015,1
0x90abcf1598ed3077861bcfb3b11efcd1d7277223,10022,1
0x90abcf1598ed3077861bcfb3b11efcd1d7277223,10023,1
0x167539702b5501aadd9b0b85e53532fd57cc71a9,10025,1
0x167539702b5501aadd9b0b85e53532fd57cc71a9,30040,1
0x61e193e514de408f57a648a641d9fcd412cded82,10024,1
0x61e193e514de408f57a648a641d9fcd412cded82,10025,1
0x480730d281b4739da8a760c26d4a10f0ca61b8ac,10022,1
0x480730d281b4739da8a760c26d4a10f0ca61b8ac,10023,1
0x13c03641c376bbd2113e7fdd02e92d0bbef72511,10018,1
0x13c03641c376bbd2113e7fdd02e92d0bbef72511,20017,1
0x5389477e84b4b7e693940a135bf0c1928d232840,10017,1
0x5389477e84b4b7e693940a135bf0c1928d232840,20044,1
0xc54bd1f466f2f4f36de59f4024e86885386d6f1b,10025,1
0xc54bd1f466f2f4f36de59f4024e86885386d6f1b,20037,1
0x36ab2c824fcc7e4ec8dc2805bda069d9d8b54c95,10009,1
0x36ab2c824fcc7e4ec8dc2805bda069d9d8b54c95,10010,1
0x81168c14e5a89f60b30e9a7f82a229406a64369d,10006,1
0x81168c14e5a89f60b30e9a7f82a229406a64369d,20005,1
0xed2c2cdec695be3a4dc421c1a8a6756dc5a927b6,10008,1
0xed2c2cdec695be3a4dc421c1a8a6756dc5a927b6,30004,1
0x67de64113d7b412d1e853ed66dfb7eaf7047d093,10022,1
0x67de64113d7b412d1e853ed66dfb7eaf7047d093,10023,1
0x0ef6e547dd86de09f0e8ece1e5a9f5ccb335ade1,10009,1
0x0ef6e547dd86de09f0e8ece1e5a9f5ccb335ade1,20000,1
0x392365d5954a9b8bce72cc6b55bc206120145220,10017,1
0x392365d5954a9b8bce72cc6b55bc206120145220,10018,1
0x94386491b7d1506ea9d29d4545f619db0e697986,10019,1
0x0fac4efa9fb13445fe1df54213602db311688516,10002,1
0x04a8e03e24b56a44033b0dafa0066d6aa6688120,10021,1
0xfdb01e4cc9ad0ae0206558a07f5190172c335aa2,30008,1
0x11b67a503b3b702104eeef69a4ea1365d0f2c658,10007,1
0xf22cfdd13bf9ab3d7d0e3d3b859fedd3ce08aa09,10009,1
0xcaa16004955f05599c7cf215aa271a4f3544d6d2,20033,1
0x3816b86959b510ac85d3a56178242e1d8c208848,10033,1
0x3de025cf38e843490388a761540bd3f155249873,10011,1
0x29ad1044141a957e16168e29a7c449a012aa0d5a,10032,1
0xa4fdc2103b412cc142bd7715dabab06f08ef842b,40000,1
0x81ae7d3b3101d6f31964d3d7b4c9d2ccc1374892,10017,1
0x000f4432a40560bbff1b581a8b7aded8dab80026,10003,1
0xc77fa6c05b4e472feee7c0f9b20e70c5bf33a99b,10010,1
0x38a7d735aca3c939f189a92f41cc1f34da2907d5,10006,1
0x7b0ad03877e2311cd0feb6d8dcfb4574e2915b8d,10027,1
0x751893105b1ece3b7feda367b92cd1bcf2abd673,10015,1
0x71535aae1b6c0c51db317b54d5eee72d1ab843c1,10030,1
0x69fe2badd12f4515aaf99e3a9956b9ffae56f877,10014,1
0x456d9fd81b1b5ee7cced435366e8032c93c1e04e,10012,1
0x0743c080ab509b7f2643db1fdcd591e0d6051daa,10005,1
0xb2df747c5d1bdadd6f7e581ade3ad193d6a296f2,10013,1
0xedf562e5349807704875fc52355209568f86cfc6,10008,1
0x8659e3b0bd269b6e5b712acfb70caf579b25591b,10009,1
0xfc1f931ab692f366b65ef42a6cd0d8d65e40f841,10020,1
0xe5b314fa02f366b136685ef322a91586ef2364de,10005,1
0x0b83d0c0976b71724054e9f74a471f7d1c7abdc4,10016,1
0x5d6a0c304097e0ef19291f57fd63d5151dc1fdb0,10031,1
0x3e92836a6b3d51b98b78a3dc976d52e39c9003ba,10010,1
0xaaac34d30d6938787c653aafb922bc20bfa9c512,10022,1
0x2771cc14865ca8aaa32e99a30a40c6632c1888a0,10000,1
0x42499a97ca2a4df25d2c84bf81bf540e1806625c,10029,1
0x27c27151f9bc6330b767bab8dcada11a253ccb8c,10010,1
0xa92be7f728ef585851212b1ceb318b8a2fbacc96,30043,1
0xf1e26c020a084e77a4931fee4c997a2b064566fc,20045,1
0xbccf9f2b76c7e2460d0acb9763ae8b779675e568,10016,1
0xccd9c5465fac5c0df86fd9b7d524a5949defcef6,10011,1
0x9a568bfeb8cb19e4bafcb57ee69498d57d9591ca,10022,1
0x90828e4504971670604834eab1702d1abcf3a376,30010,1
0x88f516c04969f470888473458b5e09342da08b7a,10015,1
0x97944e369a1af4040816f157134edca8e9f82ecd,30002,1
0xae6eca6b0836e37d270722ba81bb2ecacb674b08,10018,1
0xfbb376d5ba941bdae7455d17cc8302159e19be02,10004,1
0x37e887ce9f6fd3c9a050332ff20ece27d0f0a8e4,10001,1
0x096264b480512b7fc44acf4ea63d9ea899e518ce,10009,1
0xf2855ef7c734ec1f965915daafe668450e4b8212,20019,1
0xd7ddf70125342f44e65ccbafae5135f2bb6526bb,30006,1
0x1065d2693fc1cc627f746ade3ca5d36c37762c13,10002,1
0x8dc4310f20d59ba458b76a62141697717f93fa41,10024,1
0xe38f6399508296b485cb05560c7a504f8c5725eb,10032,1
0xf963837cf127d561c8e0c4691ebd5c2e4828c5ee,10009,1
0x5356b6e62112c8d527ca3658feeba765e590aabb,20033,1
0xf5dcb2a47f738d8ba39f9fa2ddc7592f268a262a,20052,1
0x2b564248d8f4fd425f3d01a1c36817deaac159be,10000,1
0x2a8600bbdaab254a2f8a8e00912799295c3dd601,10007,1
0xfb325ee61cef82a6e360755aa2fc105d545b07fd,10017,1
0x79fb7badd5efd97b8d68f17a09b61d45b6699df6,10018,1
0x2dbc54d6993a1db9be6431292036641ec73e8c70,10030,1
0xaa0905af0276de5ded9d425a8d4013b861c661a1,10021,1
0xde5ba71a0d6c2bd74e52819a44689e40a883a954,10022,1
0xb96dc6749fb274def23a56016e426c03a32c1214,10027,1
0x7c694d359ab799b8f68af034ee0f6acc783f79e1,10015,1
0x6b853955f54becaecdbeabaaaa96dcd35e4a1577,10001,1
0xcc8bd74382cd27c8fa9ea2b4281592cdb2042cb0,20016,1
0x4ad7fe5bf17d62ee3de0d4dd9496a7cd53c98225,10022,1
0xf312216447aea92718bbd0b437175b1d239fe4b5,10017,1
0x2067bed542762d26e2755ce7d8776728f3429f48,10002,1
0x33b4c240c7a3af3e5365ebb2cda44bad82e4878e,30034,1
0xad4489f64a8be791294116d3e99d2721c7f0a72a,10021,1
0xe5e58cf23a648dc2ba89355d76e04dc2869be98d,10014,1
0x723cdab3e2263bf7e7aa278c94186922d49faa91,20016,1
0x45a5068955fce555922009b90a8f13bca8f1547c,10012,1
0xcf9bb70b2f1accb846e8b0c665a1ab5d5d35ca05,10026,1
0x2d0e9e8197c541704ead0aeb35ef5f03dc35bc6d,10005,1
0xa5d40a9a0041f07e98cc1c2ad8bc4e6a82c7d792,10019,1
0x7d00815e79b56422e384a2851bb3b4b48ccd01e2,10017,1
0x297946c26171008ba8c0e5642814b5fe6b842ab7,20045,1
0xd7342b4aaf0ef300334caba5412692fd4e1e6165,10030,1
0x603b5ae7695d562bcf4615914a04395d5b796007,10020,1
0x6b67623ff56c10d9dcfc2152425f90285fc74ddd,10018,1
0xe88663f5878dd0967c905ec8c7cc65d6d8e091e6,10000,1
0x99f7ee5fdce389ea6de36334d1d3471a28b7e77d,40000,1
0x633c2ece13b33502d6cfb8d054821625600c7bc6,10000,1
0x2000434e4af84b37c7b7b03b4de039dd1126599c,10004,1
0x2fd9abb389214cd5fe9493355641229428cc5fec,20040,1
0x70be2bfe60d875faad5922f2379af1a0afc8e754,10028,1
0x9d387ab7ff693c1c26c59c3a912678b58368e9e5,10025,1
0x0fe5e887dae7a24836a192622fb84ce7b97ac306,30020,1
0xced432f2b188caad2f545bc524222a9f0deaba18,10027,1
0xb820055165e6e269fc75f2e451bc3cfedb466ae5,10008,1
0xb80a3488bd3f1c5a2d6fce9b095707ec62172fb5,10003,1
0x7553fa99ab1f429551eec660708c08e14e30584f,10027,1
0xbfa62bafbe913971f9bd35ecf4c0f2ac2d7bd2dd,10025,1
0x653d63e4f2d7112a19f5eb993890a3f27b48ada5,10024,1
0xd77900479ef30963f4b5aa7d752b15795192ee15,10010,1
0x2f43e98067b488f2fbb8465ce5f6da1552d339c1,60001,1
0xe33931ff58cfc8c828988e881f27a4b034eadd84,10019,1
0x340efe9bb2383d463313e7d988ddea6b52b27b0b,10031,1
0x6df653585c59900d3da22da41bf932edfdac144d,20050,1
0xd7855ba8a53951b064da7de0d07dae0eed248547,10017,1
0x77ae5abaa04097fcb1af6fe7b9b608d48e2a5582,10000,1
0xcb28061e2153ca181830d3864646b4473f4125d6,10008,1
0x49d2db5f6c17a5a2894f52125048aaa988850009,10024,1
0x592142078ab4c94d3382f997456d92e3d9f3accb,20007,1
0x14cfd6b71163360b2a176ea167c2800b2deb8296,10002,1
0x6186290b28d511bff971631c916244a9fc539cfe,30010,1
0x721931508df2764fd4f70c53da646cb8aed16ace,30036,1
0x323410305c69c44b28874417c0221f065c25318e,10029,1
0x50f27cdb650879a41fb07038bf2b818845c20e17,40000,1
0x4085e9fb679dd2f60c2e64afe9533107fa1c18f2,10001,1
0x7b719abbed877e884533591987089c28ec0c72fb,10013,1
0x6d95b329944c630fe5538167b905791b2b638675,10006,1
0x4dbe965abcb9ebc4c6e9d95aeb631e5b58e70d5b,10024,1
0x852464cfa3530ee25f6e3ac0366d1b486aa4eff9,10023,1
0xb730d3908b9b83ac4d876ae5c70aa9804f39694a,10024,1
0x9d0282c49f309550691dd9d230613815f8245671,10001,1
0x68bb5a6d14caceab866037b1502565f5bba17506,10031,1
0x52d4d46e28dc72b1cef2cb8eb5ec75dd12bc4df3,10012,1
0x280ded1b7e430bed0cbb0aace452fd2adef2b581,10028,1
0xa99e5d5aec0f681f3a2b1dd75e817a31f9b24a0a,10013,1
0x049808d5eaa90a2665b9703d2246dded34f1eb73,10016,1
0xa7d7ac8fe7e8693b5599c69cc7d4f6226677845b,40000,1
0x479db4dac1f196bceb97d52e99c3f4959d93b18b,10030,1
0x97203b7c4699230dedce5841966930b13ba3ec92,10012,1
0xdf4dd7f972926d7d82b8a3bb3feb5254c368045c,10015,1
0xe5a3f1e72d1dfa5c361516ac2779e9602106fea6,10004,1
0xf486d56cce70c481b3455af901fcc4f03fee8107,10032,1
0x1f9c822097a6ede8def937356863e37a18b97278,10004,1
0x4d65151cd05f43f9acbedbe4182b02445a93d7cf,10007,1
0xd9fbb755d859c8026aba1b64f71ce97ab594644d,10000,1
0x3888f5a94560d6af334c82dc5d94c134870f9e78,10000,1
0x883f4bf1cd53692bb602bfb580d4b1504539dfb8,10008,1
0x3f4c81bb05e8056ad609091f3e4821e0df8cbf05,10028,1
