v1_token,v2_tier,original_staker,attack_tx
2145,10003,0x000f4432a40560bbff1b581a8b7aded8dab80026,0x4db0410933c0d87c0b2c9daef985a23bb1124099092155e59287f3277ea40e75
1707,10007,0x0226068ce182ad66482ac08219d41e00eae74aa7,0x80572de5f10bdc32d52fee7c142bdf02cf907c8507a2c14c15c4ae32991148f9
1708,20044,0x0226068ce182ad66482ac08219d41e00eae74aa7,0xfc14d7a2d0e8411091a3d0e5a20f204368015ef07bedd1909eec10dcfe9ca5ff
2022,10016,0x049808d5eaa90a2665b9703d2246dded34f1eb73,0xcc5f10f540491be99cf9cbdc4d57232a1bfc38513c065253dab28be66b4a73ae
2061,10021,0x04a8e03e24b56a44033b0dafa0066d6aa6688120,0x193206210aa51c6a19a85100da01a45bd25933bbcf975918eb09abd7cd220c69
1467,10005,0x0743c080ab509b7f2643db1fdcd591e0d6051daa,0x2af1dbd8b985b9808a4dfbe0b8ffc9fd25e98de1994b7f2de7bfa9ef3a5dc694
2049,10009,0x096264b480512b7fc44acf4ea63d9ea899e518ce,0x5ffb025ac4370934d0dd1df0e70f6d495a59b97b48fdd362d7d1303e06ab3867
1512,10016,0x0b83d0c0976b71724054e9f74a471f7d1c7abdc4,0x8055879aed619df561f77677a709322b3ac669c87b9d782531210a9ae00f8f79
1564,10000,0x0eb96d5ec478b68ff0d48628ab4df6a63c21ddaa,0x039494a1abaead71cfa511a6460408626b30c756038014bb01f24ea51446832f
1565,10001,0x0eb96d5ec478b68ff0d48628ab4df6a63c21ddaa,0xe419855d82fec17b16f5268a4e036164ffcd317ec82c697ec901d71233db7b43
1556,10026,0x0eb96d5ec478b68ff0d48628ab4df6a63c21ddaa,0x4ec96ba11e17504aba29e47d9064c691ee4bc24b71876f30b1aeea5b3149f2de
1557,10027,0x0eb96d5ec478b68ff0d48628ab4df6a63c21ddaa,0xdd06689a8afaef42334a143c8456cef63e8a60279ed332a372001bfb0289a764
1558,10028,0x0eb96d5ec478b68ff0d48628ab4df6a63c21ddaa,0xbadfd71f877bfa73e7587bd89742359408c8b5f414889d17628011149dd37aa0
1559,10029,0x0eb96d5ec478b68ff0d48628ab4df6a63c21ddaa,0xab45d1a5fd76a8c3d2bd807fa21c7ba9642da36cb0455b3071e0f72b1d49afab
1560,10030,0x0eb96d5ec478b68ff0d48628ab4df6a63c21ddaa,0xf83a8c46d169845397c045f8582c1cd84545699c11202611a02771260ae679dc
1561,10031,0x0eb96d5ec478b68ff0d48628ab4df6a63c21ddaa,0x952fd27b95c4683c5be3cb9175f42080621956c630559169c4f62e1b4070ff6b
1562,10032,0x0eb96d5ec478b68ff0d48628ab4df6a63c21ddaa,0xd843b0f07effd23dd1d305d542d6621378d83477030ad43839fd20ba42187931
1563,10033,0x0eb96d5ec478b68ff0d48628ab4df6a63c21ddaa,0x10476f887d9acf775e874071a51a208395a43627d359414b303b45f28ab36006
1566,20030,0x0eb96d5ec478b68ff0d48628ab4df6a63c21ddaa,0xde536957b72dc675cf6af703ff60818fbf84968f091306d4964592745cd3f79e
1567,20031,0x0eb96d5ec478b68ff0d48628ab4df6a63c21ddaa,0x06770ae9deaf2c8285c827e6eb8e74f336c34304538fe9f7bba3c9ab3060226d
1568,30050,0x0eb96d5ec478b68ff0d48628ab4df6a63c21ddaa,0xe34196c9b115c94f4786fe9308eaf20af4a3e27e6814795461e9e99150584926
1471,10009,0x0ef6e547dd86de09f0e8ece1e5a9f5ccb335ade1,0x5fe338cd4b47270be9f9348d7ca6285d428f4ac82d8e29c829691ba6aea2d221
1472,20000,0x0ef6e547dd86de09f0e8ece1e5a9f5ccb335ade1,0xcadbbb39f1b7a7b79624f3caad0da91d95b3e86d6b7d889539bf3a9833763084
1430,10002,0x0fac4efa9fb13445fe1df54213602db311688516,0xb2353e24ca177afb52d964a8a50b09945a39b50e6189eeaf4d51b7125c5cbe72
917,30020,0x0fe5e887dae7a24836a192622fb84ce7b97ac306,0x9f9276bb6297465dc4088db1c186bcd15cf76124a257fa8795db4ae8a665c0a0
2008,10002,0x1065d2693fc1cc627f746ade3ca5d36c37762c13,0x2630ee987e4ab1a95798152b26625200a7ce16453dcc11d7ba01b507cf4a6f78
2047,10007,0x11b67a503b3b702104eeef69a4ea1365d0f2c658,0x4ac82f9fd08f7df2be340129538f626e5edd24f2149962610a1b3402335cf237
1616,10018,0x13c03641c376bbd2113e7fdd02e92d0bbef72511,0x7e64e395931f987562b357a619e7cace15fa23919d60ae4357097fb7ff370e02
1617,20017,0x13c03641c376bbd2113e7fdd02e92d0bbef72511,0x3bbabe57dd7acab7f9a76f1de1308d7c1fdc78c23d08537347b2768b48d3d0cc
1974,10002,0x14cfd6b71163360b2a176ea167c2800b2deb8296,0x961d5604358a6cfcc3fe8c059b2212f147aee7c1f47c9e118b96066419138a1f
1419,10025,0x167539702b5501aadd9b0b85e53532fd57cc71a9,0x6044ebd3f1375f1eafe53c0e3b24e7069f823bacaa567cb69fcd84867c28200c
1420,30040,0x167539702b5501aadd9b0b85e53532fd57cc71a9,0x693a05ad1389cd37bb286e0600cc79dbee76922af4ffe57a9dc1cba6032895d2
1482,10020,0x16abea6bf03a8a90204632a0c7e8188064b0a1ce,0x05d380ef9baa42b71dadbed34862bda03244b2eded9fb7d57aed0a023f102e8d
1483,10021,0x16abea6bf03a8a90204632a0c7e8188064b0a1ce,0xe3187f5be639b56833c1fb95cbe14082d19ab1d800abf8f90370e1657107b1b0
1484,10022,0x16abea6bf03a8a90204632a0c7e8188064b0a1ce,0x2350d5b54690b7234b903fbf9e8edecc09831e8168766ef83419d1fcf49f8875
1485,10023,0x16abea6bf03a8a90204632a0c7e8188064b0a1ce,0x4e427e88360280ef5855195500b8d01ca68f4a9fbbe24272d670d9a1a0fcea3e
1486,10024,0x16abea6bf03a8a90204632a0c7e8188064b0a1ce,0x0752b440445eb49928cb8f2db4da514df2dac1e56fd427f722862ad4e9b145d7
1487,10025,0x16abea6bf03a8a90204632a0c7e8188064b0a1ce,0xca33826543673dde1e3115efa885de81f76780ff68c72eb2b3547191afb533e4
1704,10004,0x1f9c822097a6ede8def937356863e37a18b97278,0xbb2757f7bb2f4cc311a3997ff6489ceeb4090fe871dd3b0157f42abc1d9c6bf1
1670,10004,0x2000434e4af84b37c7b7b03b4de039dd1126599c,0x5428314e64d1e2c5c172ea8d20ec78e933d1e86a4873a78d02344c39a81e6846
1872,10002,0x2067bed542762d26e2755ce7d8776728f3429f48,0xfbf672fd3300bb852135b232d479351707092121e8c3808896eef5f5e58c319c
2042,10002,0x20cc956a257c658d7f86873cf31b68dd6a16fa74,0xfac26dd71a960d30c5e520b8fa5f801310a7cdf98fa9f04d297ff33fa6779978
2043,10003,0x20cc956a257c658d7f86873cf31b68dd6a16fa74,0xd23729a6b98225f0c3ee018ab425bca895724d27cd80d8a31d16e57aed5b7ed7
2044,10004,0x20cc956a257c658d7f86873cf31b68dd6a16fa74,0x7e0feef57858c91c6d4b63465766ebafa2b6ee952fbea6e016c45ce7be5626ac
2045,10005,0x20cc956a257c658d7f86873cf31b68dd6a16fa74,0x81292a0353352d6bc80e62f6be265f71524979106bf038eaa430478fdf512d3b
2046,10006,0x20cc956a257c658d7f86873cf31b68dd6a16fa74,0x2da7dd9ce58e1aba0ee8e2ecf5ddcbcceb694b70ce0956831c9b94a7f9c9e127
1870,10000,0x2771cc14865ca8aaa32e99a30a40c6632c1888a0,0x65ac054b10d9a4d68dba8b35004ea0b74d235ecc748eb258dcd78733ae9b8928
1778,10010,0x27c27151f9bc6330b767bab8dcada11a253ccb8c,0xab6fe94eeb901d407824b79d982dc63f736e7b9d9396d9e4ce1e5fc4a3d9a63c
1966,10028,0x280ded1b7e430bed0cbb0aace452fd2adef2b581,0x7c74a966861b24c63de0a6900e9406afc3281ee42460983a2e48cb18c081cb6c
1570,10006,0x28aee851e7b65a46b71de302cffeeb2c557847c6,0x1b4dc44851e69f63c58dec783620cfccfb29f1482e5adcbed6afec0ecc508861
1571,10007,0x28aee851e7b65a46b71de302cffeeb2c557847c6,0xcb2892ce200813e9c36acfb93c86903024d5713ca6883de4db380f6fd8dff95c
1572,10008,0x28aee851e7b65a46b71de302cffeeb2c557847c6,0xd61b883625cd68c507aec71a634639e3fe1af2b7b410187b7d0ff3149f5be131
1573,10009,0x28aee851e7b65a46b71de302cffeeb2c557847c6,0xc138f245d65ab94a53e719e6623ba1f5fbc28bb3385b0b5c344fc53b6e3f1c34
1574,10010,0x28aee851e7b65a46b71de302cffeeb2c557847c6,0x81c039abcd7635e4805ae752ccd3dbcfbe16724a18f5d0aa23e17cd65b6a9a86
1575,10011,0x28aee851e7b65a46b71de302cffeeb2c557847c6,0xe75fc09feea8936c39348220271734b0dd2a69e25a90c7ed47d31d496eb14bd0
1576,10012,0x28aee851e7b65a46b71de302cffeeb2c557847c6,0x4c3aa0e78e9f68df6a471d3b1d091d86175cad6d8ed128e4ff8b17aedb28fc1e
1577,10013,0x28aee851e7b65a46b71de302cffeeb2c557847c6,0x8bddd2062603770835e70977608ff93991e8d08d84c0208fc6ddf8553143a8ed
1578,10014,0x28aee851e7b65a46b71de302cffeeb2c557847c6,0xff5c9aa8d69e79e6ffd45bfee799baf9040423ff567451e69a14d3398db40310
1579,10015,0x28aee851e7b65a46b71de302cffeeb2c557847c6,0x2eae533c35cdbb0af3e43d2d890a86859dec7b5c892d89256f6e396fceec04fb
1580,10016,0x28aee851e7b65a46b71de302cffeeb2c557847c6,0xe1a1e0b25e17936cfdef292a0ed840d81d7cdf277f965149be518870e146b284
1581,10017,0x28aee851e7b65a46b71de302cffeeb2c557847c6,0xab113a1c1199e89f0c2ad9c6af4737e818ed3b529da441ba9a69b1537e6007ec
1582,10018,0x28aee851e7b65a46b71de302cffeeb2c557847c6,0xa34d2b4e58c786e2e7a31e3eb2c0f0f90e157586683808b454c9349039614025
1583,10019,0x28aee851e7b65a46b71de302cffeeb2c557847c6,0x03b63827233e20fc3b92ca946c51df70ef46db9a1a5860af72cca597b5a15a50
1584,10020,0x28aee851e7b65a46b71de302cffeeb2c557847c6,0xabdf1bb3adc2260d20797a64772c6b55d956e4f5264a18963a78db4d6aca6b21
1585,10021,0x28aee851e7b65a46b71de302cffeeb2c557847c6,0xeece2c61a88c741f91859117c80102cc58385293c47f35bd10a427a1eb8e6063
1586,10022,0x28aee851e7b65a46b71de302cffeeb2c557847c6,0xd8f8019190370c748ac93314e170058c03cc6e69936646b4e57b6628030f7f85
1587,10023,0x28aee851e7b65a46b71de302cffeeb2c557847c6,0x70c193dec6d289ac9b4eb72bcb48b1430443d8e47a9a037f42e47c13ee376919
1588,10024,0x28aee851e7b65a46b71de302cffeeb2c557847c6,0xd4f78d0a7428c46ee585cfefb4462b2ed1773bb7761e3a7d5ba1ad9808639c0d
1589,10025,0x28aee851e7b65a46b71de302cffeeb2c557847c6,0x4df91bfbc7af3ded51487d3096cfa9a7986f0b3647779f880bf72f3c4c993800
1590,10026,0x28aee851e7b65a46b71de302cffeeb2c557847c6,0x1494b1d261b026ad42e26007bb557a2078d033dcfc8687f7331cd71e9e2daae6
1591,10027,0x28aee851e7b65a46b71de302cffeeb2c557847c6,0xe1be4a69076e030804b34079983b2c127a7c5a4eba2b35a5d89638f04536e07e
1592,10028,0x28aee851e7b65a46b71de302cffeeb2c557847c6,0x585feb035dfbcedf9c78b074ddb9cfffeb953dd5cd2ffc9157d851e9c78d8a70
1593,10029,0x28aee851e7b65a46b71de302cffeeb2c557847c6,0x0cf6bafeb6b8bb47d6cef20e3d4c0726baa375e6a86718f9c4f703620f91a160
1594,10030,0x28aee851e7b65a46b71de302cffeeb2c557847c6,0x02df4c627424a7e663558b9cf6cc59d1e475c16bedfdeee2a4e0d92ce61220b2
1595,10031,0x28aee851e7b65a46b71de302cffeeb2c557847c6,0x94bb65b3e46559548d734dab0a489579ff3620bbd6a2d3035f5323358e522cf8
1596,20060,0x28aee851e7b65a46b71de302cffeeb2c557847c6,0x6ea77c12d80a1ef0f754ae55c479bece520db81fb3ee7ec37719c3260a33dd15
1597,30010,0x28aee851e7b65a46b71de302cffeeb2c557847c6,0xa1f9b9b3591d00f964ac94f996650ce812b36df1642e55be73e60fe646174fde
1965,20045,0x297946c26171008ba8c0e5642814b5fe6b842ab7,0xef8d1d60a9f8cc4e06fb82054347f7ab34b974545e74a74e78542676728616a2
1528,10032,0x29ad1044141a957e16168e29a7c449a012aa0d5a,0x290d324439f4d1aa5b60ff517bd08f65b63d224bed8f67c2448b8c3ca314d731
1163,10007,0x2a8600bbdaab254a2f8a8e00912799295c3dd601,0x623411b4d3b7ff1500ed6bd555dcaa03a272dbf3866b3e793af65d0af157e28f
918,10000,0x2b564248d8f4fd425f3d01a1c36817deaac159be,0x1aa38dbe5c796b86051b51b39562d22cf86b5a24cfad2e40fa75cf306729d2e9
1365,10005,0x2d0e9e8197c541704ead0aeb35ef5f03dc35bc6d,0x062ca412d8743e0cb4b6176f766fac0bab22ab4fe689e6c34ced23011870481a
1696,10030,0x2dbc54d6993a1db9be6431292036641ec73e8c70,0x4c646fbce66edaa0da5f7d23227c4a107999b34ab50a562e32a63208d25d2415
2125,60001,0x2f43e98067b488f2fbb8465ce5f6da1552d339c1,0x6e0b7da94080fa221f1bdf30068cf96618f620551a2823faca82e2be671e5ca0
1960,20040,0x2fd9abb389214cd5fe9493355641229428cc5fec,0xe6de9e47489c881d114588a49d1f95c9d2e72ef0563243b84cc13080b8148aac
2001,10029,0x323410305c69c44b28874417c0221f065c25318e,0x1cd15ae3914a592deaa26142c99107bdf3fee2b430f31af789869b081d0090a7
1621,30034,0x33b4c240c7a3af3e5365ebb2cda44bad82e4878e,0x40d9dcd5fe9c612b28d2a309d4348dc3e99e1659365bccfcacd3885262f3d0a8
1697,10031,0x340efe9bb2383d463313e7d988ddea6b52b27b0b,0x51077bc9d041ad5bd562ec6f7dd9331a9b2b5db446bf3da5a114ce7dedf53042
1607,20007,0x35e14b0722dc1a81893ff8f7f99f931aca5b2d25,0x5f82a08d3b3127d9d597fc0678445311a02294a9e07b4575e6647165bcbe3975
1608,30021,0x35e14b0722dc1a81893ff8f7f99f931aca5b2d25,0xb80a075c9cf49168c2e3b82eeb8e8bb64ef5a963760872269cab4db56017ee1c
1609,30022,0x35e14b0722dc1a81893ff8f7f99f931aca5b2d25,0xa9daabb31dde67d756445841402ecdfd60165ac3659beed709aa8e62ea82265e
1610,30023,0x35e14b0722dc1a81893ff8f7f99f931aca5b2d25,0x6f905ea7357bb537b70e0b0ea3d53954671a177e283a318fbae38878af43e502
1675,10009,0x36ab2c824fcc7e4ec8dc2805bda069d9d8b54c95,0x3157fc4826c6720ccd2c3e3a983302595ec39f2037858a7b46552a87cedc8700
1676,10010,0x36ab2c824fcc7e4ec8dc2805bda069d9d8b54c95,0x4c3394dd61442f164788db4e4943f990ace6b736bc918148528f357174edc81a
1973,10001,0x37e887ce9f6fd3c9a050332ff20ece27d0f0a8e4,0x24520612a67efafd7b18cef528235e5e9aa5c734cf2df8a3f9f9b2443b478f03
2039,10033,0x3816b86959b510ac85d3a56178242e1d8c208848,0x2d0a718918e4a33f3af8cfc9ec95d8a572ce3dfeeb2a8e4d1e614a29f3e44f71
2074,10000,0x3888f5a94560d6af334c82dc5d94c134870f9e78,0x5e4d1c73e3077a93448c6f00e381dee36c8133422e133c446e3e66bd2c3c9e8c
1842,10006,0x38a7d735aca3c939f189a92f41cc1f34da2907d5,0xab4d4f7384d041dda74039e6e4b81bcc6656159457e9939550ba9fad2e067e2d
1717,10017,0x392365d5954a9b8bce72cc6b55bc206120145220,0xdb4c90e0d5534cc7c3df32396c2426973173375a6141ca1b2e323a926fc5c5ac
1718,10018,0x392365d5954a9b8bce72cc6b55bc206120145220,0x831c2c64e23465f59f977039862dcfe22c98c490e40e6c77048a70e4b4d470d2
1473,10011,0x3de025cf38e843490388a761540bd3f155249873,0xbd3da56b64eb5f1bc6b74092d94a267a91fe3531dcb172291690297ce4191ee4
1506,10010,0x3e92836a6b3d51b98b78a3dc976d52e39c9003ba,0x6c97ec656227aff028310ef40b80393408658f45f4b1a1cea4c23c9c92b8350b
2068,10028,0x3f4c81bb05e8056ad609091f3e4821e0df8cbf05,0x443451d0b35c59aaf79917453a3577a25e272501a2b3686b741f7e0e73fcaff1
2143,10001,0x4085e9fb679dd2f60c2e64afe9533107fa1c18f2,0xa8866bee09e02fa4581a98536b62d25c596dfeeea3bb8d74d7b2f14502fac465
2137,10029,0x42499a97ca2a4df25d2c84bf81bf540e1806625c,0x243536be39d76fb3290e557e6d40645f729109c1553de4de6926e781bc888838
1474,10012,0x456d9fd81b1b5ee7cced435366e8032c93c1e04e,0xb978430cef75ee956f53b4409f17ff8f0a69290f7eb88db081e0dbb7348ee1f1
1508,10012,0x45a5068955fce555922009b90a8f13bca8f1547c,0xfb795a71b5ad5281e091e4c13f2022aab9dfc97517dc24b064bfc4d1e9523f07
1530,10000,0x46847c1be6ccf8cb2510a88896559152ae11e83f,0x8337cae56b29e83ebd001ad2f823b398e8f8fd55952ae281c9dbe8f04a0f7275
1531,10001,0x46847c1be6ccf8cb2510a88896559152ae11e83f,0x0491991a91c2fb568aa5ddf16de3fc83ffa632c1b8248cd094e0d7e5796c8e1d
1532,10002,0x46847c1be6ccf8cb2510a88896559152ae11e83f,0xee6ae971f0266e1426fa267f23d89735090b032c3359b1aaa4086b64c9bbbac7
1533,20061,0x46847c1be6ccf8cb2510a88896559152ae11e83f,0x2835b061e49c4b174a6694b19df0fb0cdda28076b82a872744d6ce520c055858
2070,10030,0x479db4dac1f196bceb97d52e99c3f4959d93b18b,0xb4fcebcd6192adfeac566df66a670b188125e745acc3ed29644b370ffd6a6f95
1790,10022,0x480730d281b4739da8a760c26d4a10f0ca61b8ac,0xd44044a344ee146773a493f7a1cd621625e2e763adad1606fc30d676b7921b0b
1791,10023,0x480730d281b4739da8a760c26d4a10f0ca61b8ac,0x5c03cc2a061abdd3c431d31dacde29b5a4cc3f64247202524d478ef364648408
1520,10024,0x49d2db5f6c17a5a2894f52125048aaa988850009,0xf0bfdce2b9d52081971fb0b71869208418b01c2a94784af3f23d2427706be901
1620,10022,0x4ad7fe5bf17d62ee3de0d4dd9496a7cd53c98225,0x74e79829c2e20d786cdaa486e0dd6b226ca9d819c07ebafcecf59a6f6d2db41b
1444,10016,0x4c0dc41e82a9da9162be29b379687c648aee4388,0xe9d5c3dd626491c9f01d9a143da41593d42bdd63dedc335bc041b6249cb3573e
2057,10017,0x4c0dc41e82a9da9162be29b379687c648aee4388,0xb19c925e24a71f6bbdc776aea8de2db93e9910f622545e7ade37e88813874f05
1401,10007,0x4d65151cd05f43f9acbedbe4182b02445a93d7cf,0x8aed650c50e2d800e54e5d4321e5808c50587f7d170847f6ab78df0e1678ba06
1214,10024,0x4dbe965abcb9ebc4c6e9d95aeb631e5b58e70d5b,0x6ece9b9e90d07392d10734e33703db6b51bba1835bf509f2787ba17d0dabcd03
1405,10011,0x4ebf55228579df2eb6ba59ded18c13f3891f39fe,0x783b1db6cb249490db44685a93ce5f3b6b4b33547fbb8319804ea805d25543aa
1406,20062,0x4ebf55228579df2eb6ba59ded18c13f3891f39fe,0x244b79812e3c793a2d4d114710211ecc99d6e268a0d7c7f9174e9746be37b010
906,40000,0x50f27cdb650879a41fb07038bf2b818845c20e17,0x89f043a8bb430950735b099edd252363cf22e3a15f2d5bde31a01c64746b158e
1712,10012,0x52d4d46e28dc72b1cef2cb8eb5ec75dd12bc4df3,0x770c90b0d6e0ac1f60a3a6b8e21e28ae191381f5b95a6d95d7f229adf1a5a785
2081,20033,0x5356b6e62112c8d527ca3658feeba765e590aabb,0x2375951e059f029b044407ec1e2dad1493b8f2cc91f1226c99869e17d133ffaa
2091,10017,0x5389477e84b4b7e693940a135bf0c1928d232840,0x76fa336a70e2a0c01d75ead3916cfa35923ee0303929a16fcb0185319b7a8db0
2092,20044,0x5389477e84b4b7e693940a135bf0c1928d232840,0x04033616ad5bdc4082f182acceaaa6906d8cabe95c8bb51e25f2d4c76b0d641a
1475,10013,0x57fcf904efc785e098676922d406e64a4e0e7ea2,0x9a5666cf14e52d638a09e4148ada108fe850ff1fad06e62b2c557e0b11cf1f5b
1748,40000,0x57fcf904efc785e098676922d406e64a4e0e7ea2,0xcf5d2291111c1979d1e10ad24655aec6e672f8889892a19c5dd817120ff4ddb5
1747,40000,0x57fcf904efc785e098676922d406e64a4e0e7ea2,0xd5822a684756476a6fefdb6346527d2ce8d04775f38a95671c814320d1fda328
1753,40000,0x57fcf904efc785e098676922d406e64a4e0e7ea2,0x6c0008e737228e510ac2bd54cfa39a76bb2a97c53fa85b5e9ca89cbd9150922c
1756,40000,0x57fcf904efc785e098676922d406e64a4e0e7ea2,0x55ff2a34f2e5fc04f308b1690e1df1d229813a9142146d5033591614687ed78b
1754,40000,0x57fcf904efc785e098676922d406e64a4e0e7ea2,0xbe1b78b37c20577afa05c82eec8e9f41c84149d25906a7ed5d0a155a96aa32c0
1745,40000,0x57fcf904efc785e098676922d406e64a4e0e7ea2,0x0c775e0dc7f2bba420af3db861239461763179ec4021aa5e8b5bc32421e0f237
1761,40000,0x57fcf904efc785e098676922d406e64a4e0e7ea2,0x5502b374cdbedf8e70ffdfc87f24324a2b3e061c2600054ced5f772b0a377032
1752,40000,0x57fcf904efc785e098676922d406e64a4e0e7ea2,0x6f990a62e33e58671e003e68d5887c5d9257b16591ca2f4cc533733add3e5c94
1744,40000,0x57fcf904efc785e098676922d406e64a4e0e7ea2,0xbfb04b18ed18d1e01a475952316e2a574fcd21e17f7e9a56b28906e242bff5ed
1751,40000,0x57fcf904efc785e098676922d406e64a4e0e7ea2,0xe930159379dc33e69a374fc491caa66fc729e0bc4841f467745af14c8d2fb919
1743,40000,0x57fcf904efc785e098676922d406e64a4e0e7ea2,0xd39e7084b7cd9e4052300ddd0fc302e4d6a6da40fef2231c0fdf14f2901c3677
1750,40000,0x57fcf904efc785e098676922d406e64a4e0e7ea2,0xc38f62777c883346ad7ae71a563cd54bebdb6d0773e86d5693b13b2db41fb234
1746,40000,0x57fcf904efc785e098676922d406e64a4e0e7ea2,0x57941426bd93b549795ca8662dad418cffa2ee2821f6a2d7228a53ade40af322
1755,40000,0x57fcf904efc785e098676922d406e64a4e0e7ea2,0x73b731c065dbe35d47ef8e41fa7587b193b69cc31c054e825bf143900d582b7d
1762,40000,0x57fcf904efc785e098676922d406e64a4e0e7ea2,0x98ac95673ba84edb87ae5287829de9ebc32de14bd774ea18323f900d4d2c82a1
1758,40000,0x57fcf904efc785e098676922d406e64a4e0e7ea2,0x4e0a690a6f936fd3ff17befbb4eb94e4563b19ebb3f851150eea75d1281e784c
1757,40000,0x57fcf904efc785e098676922d406e64a4e0e7ea2,0xa4c553f65e2777909110482bc950a026e5da38f5bdcc641a58ce3c7082cc1f37
1764,40000,0x57fcf904efc785e098676922d406e64a4e0e7ea2,0x00a899c74775c81e636c681ff5cee69da3772b92e52bc93e270ad4120683fc4d
1759,40000,0x57fcf904efc785e098676922d406e64a4e0e7ea2,0xabb4418e0b85714565866b9079268adaf1bf174181229637bf77b4fc4f7eaf13
1763,40000,0x57fcf904efc785e098676922d406e64a4e0e7ea2,0x6364a38d6df669553dba38de8b198b3f1279cc5a05d7053f9dd5a3d476f3a072
2121,60001,0x57fcf904efc785e098676922d406e64a4e0e7ea2,0x24186b952794e6b445d412d38b730b5f98836f11a0e4651aeba527ce57f3afb3
1223,20007,0x592142078ab4c94d3382f997456d92e3d9f3accb,0xbdb06c415499777ffb99d0dce09df855ab225463e6b5e3df3f2f086c54c5e827
1765,10031,0x5d6a0c304097e0ef19291f57fd63d5151dc1fdb0,0x34244accebedf7856f785ce3d2bbcd03429cd85041b2449eb65d67cf18abcea2
1414,10020,0x603b5ae7695d562bcf4615914a04395d5b796007,0x6202f5474c4d4c6ad23d3cad061d6b27325fdd6aece90246cf84aa52d47dcb07
2080,30010,0x6186290b28d511bff971631c916244a9fc539cfe,0x4cedad0239068db2d706eaf529c353400ee482d663eb50b5434a9f6f25f96723
1656,10024,0x61e193e514de408f57a648a641d9fcd412cded82,0xd1cd9217d0abd1945d94895a439f65056a93da01b592f60c5beee8cec489ea39
1657,10025,0x61e193e514de408f57a648a641d9fcd412cded82,0xd7fb5b42c22803d7e1ddda6d7fdd1d557ff21a4650952f44f40080041499de51
2006,10000,0x633c2ece13b33502d6cfb8d054821625600c7bc6,0xd97314ca4c99b2d194635a39f4aa5643c2fe164e6ee38727b1b030bcbaa1eb43
2064,10024,0x653d63e4f2d7112a19f5eb993890a3f27b48ada5,0x07b541558a4d3a42f8273e5c51b2353fb2639ae36ab7bcf9679280be44258307
1688,10022,0x67de64113d7b412d1e853ed66dfb7eaf7047d093,0x8806ac7c94ea68114b5197c546f320aca2297a47cef590c6afdb2c787644002f
1689,10023,0x67de64113d7b412d1e853ed66dfb7eaf7047d093,0x204ca7694d5662cdab28a46d7f80a837bac2cc5c8b7b61f70c0473ca12dbb71c
1357,10031,0x68bb5a6d14caceab866037b1502565f5bba17506,0x672e3a0a805bc2fa23952dd803eb9562943cb43eba6448f06a8c95909bfaa3d9
1816,10014,0x69fe2badd12f4515aaf99e3a9956b9ffae56f877,0xfe40b9fd65d71aa3b9ebbb5f0d19134374aa367e0ed55c20e1e4aba6cfda3f51
1854,10018,0x6b67623ff56c10d9dcfc2152425f90285fc74ddd,0x2c33a7490c4ba89f53930250456e5c355125bd882d2b997b43f6a97f44118137
2007,10001,0x6b853955f54becaecdbeabaaaa96dcd35e4a1577,0x96eda148d3d3740bea0f2596e69da663ec13118a895090b1038601308eb7079a
1536,10006,0x6d95b329944c630fe5538167b905791b2b638675,0x915e6a6dd0e0c1171237ec57a7dc059fd685c07f96169f2a2cf9dc5e5ee4aebd
1906,20050,0x6df653585c59900d3da22da41bf932edfdac144d,0x8e035e8426fb704367cac6d054f244d504686bac41aaf26648e030e2923da75f
1784,10016,0x6ec4defaaa028bbee11494baacb9067f083c359f,0xd67e072477d6df8b1573da1221581fd033698afb3b22bc603c4fe8a3995c397c
1785,20057,0x6ec4defaaa028bbee11494baacb9067f083c359f,0x099d0e156684ad82bc57cda02544944236f7b67fd00842d1bb98b19b018bc6b6
1786,30061,0x6ec4defaaa028bbee11494baacb9067f083c359f,0x98cec000df6d83ce7f3b100a7f566a4e3f6d5743b7725f825f1e0cac2c3d4600
1830,10028,0x70be2bfe60d875faad5922f2379af1a0afc8e754,0xc4c86f37f207018318b3a094649766ea84d5a3361354380fac8679f22cd8548a
2002,10030,0x71535aae1b6c0c51db317b54d5eee72d1ab843c1,0xf5790abced6ab5df853f6a458ff0d20f544ce086ed17d8743fb89f902ff1ffbc
1209,30036,0x721931508df2764fd4f70c53da646cb8aed16ace,0x8cfd1e5967f0d02b1e6cd2b7b182a9383b394989cd1350806694bbeb05bfee5e
1424,20016,0x723cdab3e2263bf7e7aa278c94186922d49faa91,0xb7ac1ce93790f508680dc59a720a0128d54105c13570aabd20d802df3fc0cc0e
1477,10015,0x751893105b1ece3b7feda367b92cd1bcf2abd673,0x3894c79c5803021b7c15205489548e4bcaaef3754a7232fa41c3994a2d2ec3b2
1999,10027,0x7553fa99ab1f429551eec660708c08e14e30584f,0xbc05f9002ab2e257bc60a18b19fba6bdf917a96ffb998b0119760e462887a386
2040,10000,0x77ae5abaa04097fcb1af6fe7b9b608d48e2a5582,0xe057b27cbd9436346f88d63188bf25acfca00ccb8684c677a2f9ac71e277b76b
1956,10018,0x79fb7badd5efd97b8d68f17a09b61d45b6699df6,0x900f0d1adfed82d53c8de76d15dcc85e60dd67f18dc8635cadc28622e6231edd
1421,10027,0x7b0ad03877e2311cd0feb6d8dcfb4574e2915b8d,0x6ac49c76f2db38856e2667b589f90bdd9e9280e3bcdbb681316e76cb9c0b9c12
1509,10013,0x7b719abbed877e884533591987089c28ec0c72fb,0x6b3aca95fea4f568a9d9fedf49936f9ae3b7474ea2ffd0d85ac04c208f9c497a
1987,10015,0x7c694d359ab799b8f68af034ee0f6acc783f79e1,0x9a645daf0902faf3d80f465524a4ea7509b2735aa860591c285e623f2c3189b9
1513,10017,0x7d00815e79b56422e384a2851bb3b4b48ccd01e2,0x33f0694b17a4e73bba3fb167a3cacb5bf8edce11dabbcc83548e6c2b8c8b8d54
1463,10001,0x7d501ac2f75b01e132e667f124be8acf1ce546d4,0x97d00442d4e2ad77da3f695b8997cc1d0006ac84accf2dc1f40ccfab108b0063
1464,10002,0x7d501ac2f75b01e132e667f124be8acf1ce546d4,0xa9e6073813e152d0e0b12b4349d97e7ce5fc7d2cc8aacd86edab7c84e10bf8d2
1465,10003,0x7d501ac2f75b01e132e667f124be8acf1ce546d4,0x6769c5b70adb682f1b12299193c54daf38f77810e05d7511197d94190e554cde
1604,10006,0x81168c14e5a89f60b30e9a7f82a229406a64369d,0xee7a907058bf3e1a2b3e0f5e9606fc938c615df8c8decfdc084da5a7c72b19f9
1605,20005,0x81168c14e5a89f60b30e9a7f82a229406a64369d,0xe603fc105635ccbf010b3293c5c58cf04dcf15ad478b7d2087e6bcd41d2877d9
1853,10017,0x81ae7d3b3101d6f31964d3d7b4c9d2ccc1374892,0xb4e4700edd7eae7b9d872c30bee470147f66bb490dcc5d41f308999b8094407c
1519,10023,0x852464cfa3530ee25f6e3ac0366d1b486aa4eff9,0x049b9beee207b50e8e7c0ef91ecfa73f07f96511cf362d17228cc09a624c3ccf
1641,10009,0x8659e3b0bd269b6e5b712acfb70caf579b25591b,0x0829f8ffa285008b1f9927fe2e035922e60dee1045d57edfd3bc1155f3747a38
1402,10008,0x883f4bf1cd53692bb602bfb580d4b1504539dfb8,0x67bf092886672136582e1fdb6b8acc545dc5e11094b0a8a2bac2988aaa8c5ff5
1953,10015,0x88f516c04969f470888473458b5e09342da08b7a,0xac6a557eb466837b86c7ab4b2a67acf935e67810e08f66ff43b2159291140f2d
1792,10024,0x8dc4310f20d59ba458b76a62141697717f93fa41,0x12816a4288ff4879d54b6705e019ee96b041799acae16ac7ccfd03f44a8d402e
1448,10020,0x8e4e9de7eb20a9dcf2ae387df2ab59f79bb6ebfb,0x2429c3210477f0ef80efe4714bf2d62e56a2e604b14bc7e859e3466be792b1c5
1449,10021,0x8e4e9de7eb20a9dcf2ae387df2ab59f79bb6ebfb,0x1c1a7896de2549c59dae715b49e6e36ab05d1550ab0218183478688b784b474a
1450,10022,0x8e4e9de7eb20a9dcf2ae387df2ab59f79bb6ebfb,0x4ed08e8e59675fbe34d2f4573920cdef3d37c62bef15e024e8bb3663ec9792bc
1451,10023,0x8e4e9de7eb20a9dcf2ae387df2ab59f79bb6ebfb,0x720e6f5e91724bf8c3e5345a7467222db3227d519c190b4c3454257216c2c792
1452,10024,0x8e4e9de7eb20a9dcf2ae387df2ab59f79bb6ebfb,0x1e92bf4c547c33ea5ffc33f2740a18b78b348b6798f02a3617e685f2d044f2ee
1682,10016,0x8e9b650b79bd28f324f5b26d6ddba594eb237cdf,0x1798f570fe27e24516c06253ea5988287007214a67179e277449797232afbeeb
1352,10026,0x8e9b650b79bd28f324f5b26d6ddba594eb237cdf,0xcc436bf75413c16fbabc1b54e0fd788faba4c6b5e11a7ebd6d36f10069f5279a
1353,10027,0x8e9b650b79bd28f324f5b26d6ddba594eb237cdf,0xd56fa621857b5a9f68f6fc41df69e83c578288a88c623256f8ad07b7771ba90a
1390,30010,0x90828e4504971670604834eab1702d1abcf3a376,0x15ce46a9856949244faa7e3675aa2fc140441540e1ef9272aef63be78b48691d
2130,10022,0x90abcf1598ed3077861bcfb3b11efcd1d7277223,0x81c5b240b82a5044a4df65b922d5b6f1fb792d63890131aaa64fde631022c8f0
2131,10023,0x90abcf1598ed3077861bcfb3b11efcd1d7277223,0xcf110819b1a05a4487e9a4a1f5ed19eb472711c85777eb582f9284dcf66af2db
1821,10019,0x94386491b7d1506ea9d29d4545f619db0e697986,0xe314a0bf3b5bb861b79e19d11965c122c6cd3893860c5c9554e867ba80597279
1984,10012,0x97203b7c4699230dedce5841966930b13ba3ec92,0xb205dbbf1d41d48dc17c57c2600f89321060d5c17a019a56558e1acb3ecf7ac0
1658,30002,0x97944e369a1af4040816f157134edca8e9f82ecd,0xb00a0197324c63c3c11a5e4eea000616cd2fe20ecc7c132b5dfe8dd592d5822e
1400,40000,0x99f7ee5fdce389ea6de36334d1d3471a28b7e77d,0xc3f63372c9359ce04ee946e42a723f2364dd82f481dc260b64bd4d758caf2f1f
1518,10022,0x9a568bfeb8cb19e4bafcb57ee69498d57d9591ca,0x72de5e5c8d6c2a58438a74441af874e7f5903c7b8f436a9e5566da7fc4b6de10
2041,10001,0x9d0282c49f309550691dd9d230613815f8245671,0x93f0d3db83f80f1fb019a270fd52315483d643ea3ac5e0447a55b260feeab767
1963,10025,0x9d387ab7ff693c1c26c59c3a912678b58368e9e5,0xcadb1fae1146f53a0dbce5c751840975a3639ee48d417ae7b81da362ac847f73
1866,10030,0x9dc9d9d428cd616a292a913ceb31557b6f2882c7,0xabe2c0b0e1e1beeb76290b498f28c39bedd3e169032a7a0fbffa09f08db3e767
1867,20011,0x9dc9d9d428cd616a292a913ceb31557b6f2882c7,0x7fabe3319a3ab08f4c0ed11fd8c646f444b1f4b9d37c52591e9d98c575a890af
1881,10011,0xa14964479ebf9cd336011ad80652b08cd83dfe3a,0x52dfc764844e1db1dcc7f3874e3377ba1603f061d17405efda95ee663f370760
1882,10012,0xa14964479ebf9cd336011ad80652b08cd83dfe3a,0xf2f36c4611a125a95a98d1f93d247c34b98c58ee95bc34c62a52fac7ea8e266a
1883,10013,0xa14964479ebf9cd336011ad80652b08cd83dfe3a,0x74dba783a305e3262e05f377258caeb67db21013e807d2ac96df603b245943c7
1884,10014,0xa14964479ebf9cd336011ad80652b08cd83dfe3a,0x5a95b3f923d00c2c65be4aebebb0468552c587316aaae4a70fa0cb826da8b903
1885,10015,0xa14964479ebf9cd336011ad80652b08cd83dfe3a,0x07491f5c80198fae01b6511cc035ed4595cb7c15e4b64a7583a2d5982b3c808f
1886,10016,0xa14964479ebf9cd336011ad80652b08cd83dfe3a,0x7e6ba53455004538ec1600a2d056cfd8a5470060cbdcf8af9fc0b61b940f343f
1887,10017,0xa14964479ebf9cd336011ad80652b08cd83dfe3a,0x78d128bda352c37605dfd055f1b3951e7ef0d033d9e1cdf52b8425f95e3c1a35
1888,10018,0xa14964479ebf9cd336011ad80652b08cd83dfe3a,0x1873f6a2deac4c6eecb61fe256f6a6c5be3af880d7f86be435c249c54fcef070
1889,10019,0xa14964479ebf9cd336011ad80652b08cd83dfe3a,0xef22b7c88e20fbea162c1e74beee7b8de1dcd35a4965629dfc393ea26eee8870
1890,10020,0xa14964479ebf9cd336011ad80652b08cd83dfe3a,0x839401e91da4b109945a675adb0653673c339636eb96a5c3f0f7a979bf885d1d
1891,10021,0xa14964479ebf9cd336011ad80652b08cd83dfe3a,0x60c49e33afebe115ed079dfaec005e2851d0145f6738397f40e121f286d7cadb
1892,10022,0xa14964479ebf9cd336011ad80652b08cd83dfe3a,0x54cbc2282c865456e187ee4c9752897cdaf6196dbd10cb1607e95617ef6a38c8
1893,10023,0xa14964479ebf9cd336011ad80652b08cd83dfe3a,0x14d428e4dfda64184a826339a3f6a04a2288f99b9d8c3f2230ab9f9faa028a65
1894,30031,0xa14964479ebf9cd336011ad80652b08cd83dfe3a,0xbde583bd4165a5fc42f70a971372d99ba07db0852ff2d01dd0c0f081246fa639
1895,30032,0xa14964479ebf9cd336011ad80652b08cd83dfe3a,0x0adfb38efe330eb58a908d0fbb480eb4f373ec8f3deb360866352a8128e951db
1438,40000,0xa4fdc2103b412cc142bd7715dabab06f08ef842b,0xb13415212a5bb9a4310a6c8c7aaa88c6e66fd78c502f6c126ff2fd7683e24ce8
1447,10019,0xa5d40a9a0041f07e98cc1c2ad8bc4e6a82c7d792,0x8c80cf757268d9805440a7cc9eb48b2f8cfcd2e78c73829e7724b7a526885830
916,40000,0xa7d7ac8fe7e8693b5599c69cc7d4f6226677845b,0x50bfca6d36d0ea0ea4c90c939aea8590f20e6b9d901e1de92833eac453b940ad
1699,30043,0xa92be7f728ef585851212b1ceb318b8a2fbacc96,0xe8a08a575a368fcea4f698f32031d2466f999656176d2efd69a195dbc560db06
1815,10013,0xa99e5d5aec0f681f3a2b1dd75e817a31f9b24a0a,0x214528b869ec88741206757ac70fe805904a31487b3dc982b2a730bdd4c60056
1619,10021,0xaa0905af0276de5ded9d425a8d4013b861c661a1,0x60d9101cf710f3686ac4ea8e53fb3476cf08cc7e9498b2345085288ddc5f4599
1654,10022,0xaaac34d30d6938787c653aafb922bc20bfa9c512,0xd4c5fd3617fd5330a13be7814171573f1d52d1b83d784d6e8fba99e59d7cb378
939,10021,0xad4489f64a8be791294116d3e99d2721c7f0a72a,0x9f4845ba1d8cff4707190601f5ba323b8795d9c8c4451176a16ad456d6140fd6
2024,10018,0xae6eca6b0836e37d270722ba81bb2ecacb674b08,0xd433f13122fd7bfd58425137c79a7833e0e2742156d710baac3fcf91d38d2a24
1683,10017,0xae72eef2a981dffd9d5964dd0eb669e10ae10957,0x0acf70f9c38301009d48bf304e0395e9bbcc1a5173e441c035c35aca5a627c67
1684,10018,0xae72eef2a981dffd9d5964dd0eb669e10ae10957,0x3bb1d1bdcd9f6eda1fc83c5d5548e39023033a2d07e8482ae83d409b1d85e51b
1685,10019,0xae72eef2a981dffd9d5964dd0eb669e10ae10957,0xcf51d01a272427aa4cf315aa958d7520fb3e3d91e4ccad6e4b4c236571fd22e3
1713,10013,0xb2df747c5d1bdadd6f7e581ade3ad193d6a296f2,0xf753b8924f20b466d516b22cbfb5e19ab5c9f69fa7478998a472b5b1473a6bcc
1626,10028,0xb6605f98a5562b1ac821bc5f2b75934239e8c6d6,0xf1a3cbd0dd56f079c5ff7d7d3c3df7609d999bee348c8548e14fdea386a75ea0
1627,10029,0xb6605f98a5562b1ac821bc5f2b75934239e8c6d6,0x7c740cc637a68d714a2dc4f7bfcc3ac3b2c2f58d43f520e0216e36965ff64b2a
1628,20028,0xb6605f98a5562b1ac821bc5f2b75934239e8c6d6,0x51d5dab7d16c48662d27734b07112787e62bcc1983c59b39bf35227ee35fac75
1629,20029,0xb6605f98a5562b1ac821bc5f2b75934239e8c6d6,0x11f147fb9a87a2d49f62f3f7fb21e54abc849c0668242f315ab2d290aaeecee1
2030,10024,0xb730d3908b9b83ac4d876ae5c70aa9804f39694a,0x95916429baa342eb5a7117f044cbb591814c92710a6cf894e03462d2bbdb48d1
1831,10029,0xb78afc3695870310e7c337afba7925308c1d946f,0xcfb4f145b6243b27e4c5413b3946226b752e89614284754b265909e983d484ab
1832,10030,0xb78afc3695870310e7c337afba7925308c1d946f,0xe5a54850c49ad23f08b19bc428e2e8238954802530b356ded23ff97a33817fa6
1833,10031,0xb78afc3695870310e7c337afba7925308c1d946f,0x811bd2f09acc0526b379fe2027fc64f1e28c4feaacc04014c5351a076702f9d2
1669,10003,0xb80a3488bd3f1c5a2d6fce9b095707ec62172fb5,0x235c8326e790ee6092bfc0abb23453c86a2d88f7427ec5beec43c7003f492e57
1368,10008,0xb820055165e6e269fc75f2e451bc3cfedb466ae5,0x8dbec5cc6b583f0e727a085705e74e18bd6f82dc1d9442e8bbcb24e951f836b6
1523,10027,0xb96dc6749fb274def23a56016e426c03a32c1214,0xc80cd5998eb97ddd339f0237cac8edc95a7e8d1b5b31267f5f4f9daae8ed6f7a
1415,10021,0xb989c3717405569398750983ad5934308759287e,0xc9db5d34271880938b96612fe1742df9b39070b031d8ec852e5f960a97685fb6
1416,20008,0xb989c3717405569398750983ad5934308759287e,0x17cbedbb7812cc093a9d8b7c2547ac6916fd8146bdb095b2d955490638cc0647
1417,30037,0xb989c3717405569398750983ad5934308759287e,0xb7afeaec6f610f1fa8271bb5bae75a03ad7e9bdbce5ac13425eaad0d4897133f
1546,10016,0xbccf9f2b76c7e2460d0acb9763ae8b779675e568,0xf5ffa44a8f159b4a7b64ce2c45f89f97d17b613992083250947a86a563501e4b
1827,10025,0xbfa62bafbe913971f9bd35ecf4c0f2ac2d7bd2dd,0x542f0aad63a789068f4b032ce17d4555460ebd012633f4059f120153ea4fcc98
2099,10025,0xc54bd1f466f2f4f36de59f4024e86885386d6f1b,0x1372ac1a5e0a30c8b356d17e245815b949c5361ed3275a99aede9daf74d3d2ef
1701,20037,0xc54bd1f466f2f4f36de59f4024e86885386d6f1b,0x4fca072b2f94209cbd1b94c378dfa813ffb4738b77f3414098b51c8406ca360e
2084,10010,0xc77fa6c05b4e472feee7c0f9b20e70c5bf33a99b,0x6af436ccdf047cb0f8a4f706633ea76c7291075f7857c8a610edcff84722a743
1601,10003,0xc923dd451dfb1fc6a4608982c6c077414da06a4d,0x827b87700838e64d6e1cf9ff142476dd2ec479d366b9bb831d0f5ac9b606de8c
1602,10004,0xc923dd451dfb1fc6a4608982c6c077414da06a4d,0x26517f0cf6e95ec7f2883c3497622b5db91867584db9b0f63fdac0ef22242432
1603,10005,0xc923dd451dfb1fc6a4608982c6c077414da06a4d,0xd2f81fbaeed3235f85249914d87f9ddabf2a3f840cbe3003d5b42f25108bd522
929,20033,0xcaa16004955f05599c7cf215aa271a4f3544d6d2,0x8dbcaef24b2f809c0286325ad8e6aae6ffecb4d934e1c3d6aad63931510a598b
1504,10008,0xcb28061e2153ca181830d3864646b4473f4125d6,0xc6818c99973336f23eb9c93db46e6edc81118b97c7638dd057d945649a6391d4
1394,10000,0xcc202930867769a83b61cf5053b65d1845e76aea,0x10ebbbac3943979c80451fc03415aa5bbb385986657c1dd0f2157e7e1f257ff2
1800,10032,0xcc202930867769a83b61cf5053b65d1845e76aea,0x9a32b6f8f378ddc239db63cffd8237f409583e8f01a65c9bf9b98deccca75884
1801,10033,0xcc202930867769a83b61cf5053b65d1845e76aea,0x8ba43acd8b2968bb2405d240bd75c8dd0f9dd74fc969377ee253ae3290bf6491
1808,20016,0xcc8bd74382cd27c8fa9ea2b4281592cdb2042cb0,0x7aa9076628a5bcf426336f0e0ba6fea23acb6dbaace16a8d94da6f28d0951f0b
2119,10011,0xccd9c5465fac5c0df86fd9b7d524a5949defcef6,0xa30c863b1aaa02b92ce7af306040903ca1213106d4de7ac397779c75ca6e29e1
2135,10027,0xced432f2b188caad2f545bc524222a9f0deaba18,0x4759fa88da21baed6afc56e174abf3c0a3cc3bc98fbb44285d187df23e4a015e
1624,10026,0xcf9bb70b2f1accb846e8b0c665a1ab5d5d35ca05,0x1f0fd2690522bef60aee5675be591e4f0d39288ff9798a2eee4cf9ad4cde7de2
1526,10030,0xd7342b4aaf0ef300334caba5412692fd4e1e6165,0xb09afa0441ce87897e30a270ff71280f7f5dde8c2818715ab0ef0c8affa26202
1540,10010,0xd77900479ef30963f4b5aa7d752b15795192ee15,0xf10da4612db4836ab05164400f43287c440581af247393557375fa460222cce4
935,10017,0xd7855ba8a53951b064da7de0d07dae0eed248547,0xd1b7c1a0d973ba41f6b58157334646fe0434e71e1ebcf77e50ccc5f135f84c2b
1248,30006,0xd7ddf70125342f44e65ccbafae5135f2bb6526bb,0x949e8bc792fec7e0a281d28c9bcdc4b11b6e414ebb6b6783e7fa0ff47aaa3ca1
1700,10000,0xd9fbb755d859c8026aba1b64f71ce97ab594644d,0x6fc74ef0fb3574cf47a9fc2659dccb1016af8d0575460365f0a79e09139d1666
1271,10013,0xda65e2cf7d9625c6bf95b0216404ee1279870c52,0x622ae1e7076ea7bc76ede2bb4b4f337cb4ec8da08463a5954ad26e6c01a966b8
1273,10015,0xda65e2cf7d9625c6bf95b0216404ee1279870c52,0xef1d3fd7d5381fe11feb1cf7f70d3c9a7a314c00f6164c4e229203cc305ddfdd
1514,20042,0xdca0133f7902a199ff07b32ede0b7a03907053c2,0x3af218e99585b03b546441d1a3b8fa72e4d049c47efee1cb669be145d9102533
1515,20043,0xdca0133f7902a199ff07b32ede0b7a03907053c2,0xc9932821b379ff31f8a13c39340d276fc2be30a6559bd8334432d05bd2bca723
2028,10022,0xde5ba71a0d6c2bd74e52819a44689e40a883a954,0xddbb085ace828d8e85e78db0401b7a1f0c82ecb38e38dcabe3706a29ebd8dd25
1613,10015,0xdf4dd7f972926d7d82b8a3bb3feb5254c368045c,0x3b9de623cc4913592a277796a5cc7e899ff3bdd74442a86b8c464bbbdb84bd90
1855,10019,0xe33931ff58cfc8c828988e881f27a4b034eadd84,0xd2697b0bf3b569c551dfdde81a06adf325008934f307b8e46e53249541b9b83e
1222,10032,0xe38f6399508296b485cb05560c7a504f8c5725eb,0x15e4b821e49e908cb718b74035999a911b6b2a8061f70256de3c160274884f52
1491,10029,0xe3f892174190b3f0fa502eb84c8208c7c0998c50,0x6ac8b0c7dab702208a5d21263d138cc1bc6dba569c0009c3e38d2a5556033532
1492,10030,0xe3f892174190b3f0fa502eb84c8208c7c0998c50,0x547b662e258aab903780f3200639a1ed05f901cd0a8fd7f886b88c5413eef536
1493,10031,0xe3f892174190b3f0fa502eb84c8208c7c0998c50,0xe0e23c03316522eeecd043259e9cfb0a35224e8d54f5448dd54dd4cba143862b
1494,10032,0xe3f892174190b3f0fa502eb84c8208c7c0998c50,0x0058d70a5664a38ed5378c2331c125926f46370c8cd50e15467fce40682860d6
1495,10033,0xe3f892174190b3f0fa502eb84c8208c7c0998c50,0x4f181aa5e21c384f2c23dc443736927288733edb78e61629b51fa9ef21a0f22a
1874,10004,0xe5a3f1e72d1dfa5c361516ac2779e9602106fea6,0x5f6c056a8833723a584dc5b88671fc6609807b18d0e85ae287f457dd93d15821
1977,10005,0xe5b314fa02f366b136685ef322a91586ef2364de,0xd9e2f46c8598f6ff1e274a2041064a29987a5d6883dd17d60ed0f711204a0d07
932,10014,0xe5e58cf23a648dc2ba89355d76e04dc2869be98d,0x0b19d5b2e3a6b2c5dff83385f7081bcc68e4aef5a9497e78e7c63935d7c24ca2
2108,10000,0xe88663f5878dd0967c905ec8c7cc65d6d8e091e6,0x8146fc5998d90875464c04a8ad811ff4988473b0201e165ff5cdd6332b99cbc2
1470,10008,0xea459a5aa7e52f0493eda1faae0b862c51bf40b9,0xb5e881b26aae51b37f1abb58e8d8ffe350d8ca196a26af5d30942c3d265cf055
1719,10019,0xea459a5aa7e52f0493eda1faae0b862c51bf40b9,0xa3a7cdb62686a67c3880323020cdec8af909518248f30d671ea74f87efcb4f93
1392,10032,0xea459a5aa7e52f0493eda1faae0b862c51bf40b9,0x8ee34f53659ba960b12f372d805cc7380004c49540929b160294c1d8f3a13c5e
1776,10008,0xed2c2cdec695be3a4dc421c1a8a6756dc5a927b6,0x8b3df2f95f710168b8e0c3ad0a7046be8a5e1f056c96ca12339b34373017ff3d
1729,30004,0xed2c2cdec695be3a4dc421c1a8a6756dc5a927b6,0x558976051eb8c21bb7f8a87fcf602236ec3aa456f1334eb25c415966a19c0b79
1538,10008,0xedf562e5349807704875fc52355209568f86cfc6,0x1421600a94e75df68c422afc725d7b9aa9c83ffd0895193fa10c15fe33309e08
1666,10000,0xef8104c1f471c1995cb6f7276716e8b38dc1b9a7,0x6fdf12d9ee62a7cc6bd4a3575608826ac89d495c48733f1cf34c80a07e6cb291
1667,10001,0xef8104c1f471c1995cb6f7276716e8b38dc1b9a7,0xfa68b79b6eb0d7e88ba0a1743750990e702cce6facd1328ed91889d6234a2094
1665,10033,0xef8104c1f471c1995cb6f7276716e8b38dc1b9a7,0xf064f9e6f4c860f0fbded5b2f9b2f8687cb054f9ab9899ced23adf8075c3a087
1773,20045,0xf1e26c020a084e77a4931fee4c997a2b064566fc,0x356f563f0277c785c036b3fb9b17ff714be35869fb6fc1fd94a8fde93c2bb0b2
1845,10009,0xf22cfdd13bf9ab3d7d0e3d3b859fedd3ce08aa09,0x053ec10b75be5f363785dc4f03ce12027e03337559617cf9887277da4c38c712
979,20019,0xf2855ef7c734ec1f965915daafe668450e4b8212,0xc177fea068d3bb26d6108157f57a99ca1b577f4e66cb53b3807c3d14739b86df
1445,10017,0xf312216447aea92718bbd0b437175b1d239fe4b5,0xe0c91640d1ec878adc2ae246dfbc05298b2104043df29744238104eb83f4f82c
1496,10000,0xf38a506cd35da2b6c1cb30975d9bc22c531dc5a0,0x837fd675f81db1dfbd703d77e975f49e4da741e9f85dd78d9958f4b6c577c956
1497,10001,0xf38a506cd35da2b6c1cb30975d9bc22c531dc5a0,0x213186bafe8ac03b3c5204dd618d0c08f94035f7e98342be19feb94021235a53
1498,10002,0xf38a506cd35da2b6c1cb30975d9bc22c531dc5a0,0xf01f7561d08b6f378d63b29887deac664397dd2fbb4c8d35f49a7dff48536576
1499,10003,0xf38a506cd35da2b6c1cb30975d9bc22c531dc5a0,0xcf7381d911d4c2c6743a33fcd5e4466b3111e2050fb82bc97a17ad06fb8bc094
2004,10032,0xf486d56cce70c481b3455af901fcc4f03fee8107,0xbbebd3585fcf17ebb879dc6745409794027134a1b7547a3b7d90141a9be33f15
1716,20052,0xf5dcb2a47f738d8ba39f9fa2ddc7592f268a262a,0x86a739d90d1bc6fc5ac2c80b7701b0ee5f4db2677a5e36a047da07c47aff080a
1879,10009,0xf963837cf127d561c8e0c4691ebd5c2e4828c5ee,0xe96d4362427dfc1bd7b5ad188661878128ddcd926152da70fa50db077a57566c
1989,10017,0xfb325ee61cef82a6e360755aa2fc105d545b07fd,0x5b7ab93ba7c2c8d79669319ce8c104458cb3604b65b5c06e14c8838f79191a9b
2146,10004,0xfbb376d5ba941bdae7455d17cc8302159e19be02,0xbbd6f23ac6718ba4c4f6ef397810c0f62976c976502f1ad04227511e8c45c4f3
1788,10020,0xfc1f931ab692f366b65ef42a6cd0d8d65e40f841,0xa0b04ebd24434e36c8f77757d5106dfe6a3e4fe64096445a91a011740864b76d
2147,30008,0xfdb01e4cc9ad0ae0206558a07f5190172c335aa2,0xb6f75c415efe1ae2f0b1d8b1bcf2717b38f3cd139bef6b9af74c531a375adc7c
